#DataType      :	spring discharge data
#DataSource    :	eHYD Bundesministerium Nachhaltigkeit und Tourismus	((https://ehyd.gv.at/#))
#ID            :	395053
#Name          :	Hirschbrunn
#LAT	LON      :	47.55	13.66
#Time format   :	%d.%m.%Y
#Discharge unit:	m^3/s
#Timestamp(UTC):	14.08.2019 10:19:35
Timestamp	discharge
14.05.2008 09:45:00	0.2019
15.05.2008 00:00:00	0.1893
16.05.2008 00:00:00	0.2092
17.05.2008 00:00:00	0.2061
18.05.2008 00:00:00	0.2345
19.05.2008 00:00:00	0.2525
20.05.2008 00:00:00	0.2452
21.05.2008 00:00:00	0.1977
22.05.2008 00:00:00	0.1895
23.05.2008 00:00:00	0.1975
24.05.2008 00:00:00	0.1974
25.05.2008 00:00:00	0.2498
26.05.2008 00:00:00	0.2929
27.05.2008 00:00:00	0.3563
28.05.2008 00:00:00	0.4149
29.05.2008 00:00:00	0.4391
30.05.2008 00:00:00	0.5007
31.05.2008 00:00:00	0.5009
01.06.2008 00:00:00	0.4719
02.06.2008 00:00:00	NA
03.06.2008 00:00:00	NA
04.06.2008 00:00:00	NA
05.06.2008 00:00:00	NA
06.06.2008 00:00:00	NA
07.06.2008 00:00:00	NA
08.06.2008 00:00:00	NA
09.06.2008 00:00:00	NA
10.06.2008 00:00:00	NA
11.06.2008 00:00:00	NA
12.06.2008 00:00:00	NA
13.06.2008 00:00:00	NA
14.06.2008 00:00:00	NA
15.06.2008 00:00:00	NA
16.06.2008 00:00:00	NA
17.06.2008 00:00:00	NA
18.06.2008 00:00:00	NA
19.06.2008 00:00:00	NA
20.06.2008 00:00:00	NA
21.06.2008 00:00:00	NA
22.06.2008 00:00:00	NA
23.06.2008 00:00:00	NA
24.06.2008 00:00:00	NA
25.06.2008 00:00:00	NA
26.06.2008 00:00:00	NA
27.06.2008 00:00:00	NA
28.06.2008 00:00:00	NA
29.06.2008 00:00:00	NA
30.06.2008 00:00:00	NA
01.07.2008 00:00:00	NA
02.07.2008 00:00:00	NA
03.07.2008 00:00:00	NA
04.07.2008 00:00:00	NA
05.07.2008 00:00:00	NA
06.07.2008 00:00:00	NA
07.07.2008 00:00:00	NA
08.07.2008 00:00:00	NA
09.07.2008 00:00:00	0.0916
10.07.2008 00:00:00	0.0536
11.07.2008 00:00:00	0.0399
12.07.2008 00:00:00	0.0547
13.07.2008 00:00:00	0.0708
14.07.2008 00:00:00	0.1971
15.07.2008 00:00:00	0.3032
16.07.2008 00:00:00	0.1388
17.07.2008 00:00:00	0.1103
18.07.2008 00:00:00	0.1255
19.07.2008 00:00:00	0.0869
20.07.2008 00:00:00	0.1517
21.07.2008 00:00:00	0.4223
22.07.2008 00:00:00	0.3034
23.07.2008 00:00:00	0.5342
24.07.2008 00:00:00	0.5788
25.07.2008 00:00:00	0.3597
26.07.2008 00:00:00	0.2038
27.07.2008 00:00:00	0.1444
28.07.2008 00:00:00	0.1239
29.07.2008 00:00:00	0.1257
30.07.2008 00:00:00	0.1673
31.07.2008 00:00:00	0.199
01.08.2008 00:00:00	0.2138
02.08.2008 00:00:00	0.2167
03.08.2008 00:00:00	0.2122
04.08.2008 00:00:00	0.1501
05.08.2008 00:00:00	0.1679
06.08.2008 00:00:00	0.1645
07.08.2008 00:00:00	0.1102
08.08.2008 00:00:00	0.3379
09.08.2008 00:00:00	0.5444
10.08.2008 00:00:00	0.3736
11.08.2008 00:00:00	0.1716
12.08.2008 00:00:00	0.1057
13.08.2008 00:00:00	0.1731
14.08.2008 00:00:00	0.1852
15.08.2008 00:00:00	0.2582
16.08.2008 00:00:00	0.6966
17.08.2008 00:00:00	0.5398
18.08.2008 00:00:00	0.3364
19.08.2008 00:00:00	0.2465
20.08.2008 00:00:00	0.2793
21.08.2008 00:00:00	0.297
22.08.2008 00:00:00	0.2338
23.08.2008 00:00:00	0.2747
24.08.2008 00:00:00	0.3936
25.08.2008 00:00:00	0.3316
26.08.2008 00:00:00	0.3406
27.08.2008 00:00:00	0.3174
28.08.2008 00:00:00	0.2901
29.08.2008 00:00:00	0.3049
30.08.2008 00:00:00	NA
31.08.2008 00:00:00	NA
01.09.2008 00:00:00	NA
02.09.2008 00:00:00	NA
03.09.2008 00:00:00	NA
04.09.2008 00:00:00	NA
05.09.2008 00:00:00	NA
06.09.2008 00:00:00	NA
07.09.2008 00:00:00	NA
08.09.2008 00:00:00	0.3601
09.09.2008 00:00:00	0.3402
10.09.2008 00:00:00	0.3216
11.09.2008 00:00:00	0.2739
12.09.2008 00:00:00	0.2656
13.09.2008 00:00:00	0.4599
14.09.2008 00:00:00	0.393
15.09.2008 00:00:00	0.4224
16.09.2008 00:00:00	0.4564
17.09.2008 00:00:00	0.4805
18.09.2008 00:00:00	0.5349
19.09.2008 00:00:00	0.5811
20.09.2008 00:00:00	0.5633
21.09.2008 00:00:00	0.4729
22.09.2008 00:00:00	0.4287
23.09.2008 00:00:00	0.459
24.09.2008 00:00:00	0.4816
25.09.2008 00:00:00	0.5228
26.09.2008 00:00:00	0.6309
27.09.2008 00:00:00	0.6022
28.09.2008 00:00:00	0.5729
29.09.2008 00:00:00	0.4982
30.09.2008 00:00:00	0.4497
01.10.2008 00:00:00	0.4217
02.10.2008 00:00:00	0.3985
03.10.2008 00:00:00	0.4729
04.10.2008 00:00:00	0.521
05.10.2008 00:00:00	0.5026
06.10.2008 00:00:00	0.428
07.10.2008 00:00:00	0.4814
08.10.2008 00:00:00	0.3936
09.10.2008 00:00:00	0.4299
10.10.2008 00:00:00	0.4665
11.10.2008 00:00:00	0.4334
12.10.2008 00:00:00	0.3968
13.10.2008 00:00:00	0.1835
14.10.2008 00:00:00	0.0204
15.10.2008 00:00:00	0.0202
16.10.2008 00:00:00	0.0252
17.10.2008 00:00:00	0.0414
18.10.2008 00:00:00	0.0239
19.10.2008 00:00:00	0.0222
20.10.2008 00:00:00	0.0211
21.10.2008 00:00:00	0.0205
22.10.2008 00:00:00	0.0203
23.10.2008 00:00:00	0.0213
24.10.2008 00:00:00	0.0214
25.10.2008 00:00:00	0.0206
26.10.2008 00:00:00	0.0199
27.10.2008 00:00:00	0.0195
28.10.2008 00:00:00	0.0195
29.10.2008 00:00:00	0.019
30.10.2008 00:00:00	0.049
31.10.2008 00:00:00	0.0244
01.11.2008 00:00:00	0.0223
02.11.2008 00:00:00	0.0212
03.11.2008 00:00:00	0.0205
04.11.2008 00:00:00	0.0199
05.11.2008 00:00:00	0.0197
06.11.2008 00:00:00	0.019
07.11.2008 00:00:00	NA
08.11.2008 00:00:00	NA
09.11.2008 00:00:00	NA
10.11.2008 00:00:00	NA
11.11.2008 00:00:00	NA
12.11.2008 00:00:00	NA
13.11.2008 00:00:00	NA
14.11.2008 00:00:00	NA
15.11.2008 00:00:00	NA
16.11.2008 00:00:00	NA
17.11.2008 00:00:00	0.0178
18.11.2008 00:00:00	0.0176
19.11.2008 00:00:00	0.0176
20.11.2008 00:00:00	0.0173
21.11.2008 00:00:00	0.0191
22.11.2008 00:00:00	0.02
23.11.2008 00:00:00	NA
24.11.2008 00:00:00	NA
25.11.2008 00:00:00	NA
26.11.2008 00:00:00	NA
27.11.2008 00:00:00	NA
28.11.2008 00:00:00	NA
29.11.2008 00:00:00	NA
30.11.2008 00:00:00	NA
01.12.2008 00:00:00	NA
02.12.2008 00:00:00	0.0192
03.12.2008 00:00:00	0.0189
04.12.2008 00:00:00	0.0183
05.12.2008 00:00:00	0.0183
06.12.2008 00:00:00	NA
07.12.2008 00:00:00	NA
08.12.2008 00:00:00	NA
09.12.2008 00:00:00	NA
10.12.2008 00:00:00	NA
11.12.2008 00:00:00	NA
12.12.2008 00:00:00	NA
13.12.2008 00:00:00	NA
14.12.2008 00:00:00	NA
15.12.2008 00:00:00	NA
16.12.2008 00:00:00	NA
17.12.2008 00:00:00	NA
18.12.2008 00:00:00	0.0183
19.12.2008 00:00:00	0.0183
20.12.2008 00:00:00	0.0186
21.12.2008 00:00:00	0.0224
22.12.2008 00:00:00	0.0236
23.12.2008 00:00:00	0.022
24.12.2008 00:00:00	0.0202
25.12.2008 00:00:00	NA
26.12.2008 00:00:00	NA
27.12.2008 00:00:00	NA
28.12.2008 00:00:00	NA
29.12.2008 00:00:00	NA
30.12.2008 00:00:00	NA
31.12.2008 00:00:00	NA
01.01.2009 00:00:00	NA
02.01.2009 00:00:00	NA
03.01.2009 00:00:00	NA
04.01.2009 00:00:00	NA
05.01.2009 00:00:00	NA
06.01.2009 00:00:00	NA
07.01.2009 00:00:00	0.0148
08.01.2009 00:00:00	0.0146
09.01.2009 00:00:00	0.0145
10.01.2009 00:00:00	0.0145
11.01.2009 00:00:00	0.0146
12.01.2009 00:00:00	0.0146
13.01.2009 00:00:00	0.0146
14.01.2009 00:00:00	0.0148
15.01.2009 00:00:00	0.0154
16.01.2009 00:00:00	0.0149
17.01.2009 00:00:00	0.0147
18.01.2009 00:00:00	0.0147
19.01.2009 00:00:00	0.0146
20.01.2009 00:00:00	0.0146
21.01.2009 00:00:00	0.0145
22.01.2009 00:00:00	0.0144
23.01.2009 00:00:00	0.0144
24.01.2009 00:00:00	0.0144
25.01.2009 00:00:00	0.0144
26.01.2009 00:00:00	0.0144
27.01.2009 00:00:00	0.0144
28.01.2009 00:00:00	0.0144
29.01.2009 00:00:00	0.0144
30.01.2009 00:00:00	0.0144
31.01.2009 00:00:00	0.0144
01.02.2009 00:00:00	0.0145
02.02.2009 00:00:00	0.0145
03.02.2009 00:00:00	0.0144
04.02.2009 00:00:00	0.0144
05.02.2009 00:00:00	0.0144
06.02.2009 00:00:00	0.0143
07.02.2009 00:00:00	0.0143
08.02.2009 00:00:00	0.0145
09.02.2009 00:00:00	0.0144
10.02.2009 00:00:00	0.0144
11.02.2009 00:00:00	0.0144
12.02.2009 00:00:00	0.0144
13.02.2009 00:00:00	0.0144
14.02.2009 00:00:00	0.0145
15.02.2009 00:00:00	0.0145
16.02.2009 00:00:00	0.0146
17.02.2009 00:00:00	0.0144
18.02.2009 00:00:00	0.0144
19.02.2009 00:00:00	0.0144
20.02.2009 00:00:00	0.0144
21.02.2009 00:00:00	0.0144
22.02.2009 00:00:00	0.0144
23.02.2009 00:00:00	0.0144
24.02.2009 00:00:00	0.0144
25.02.2009 00:00:00	0.0144
26.02.2009 00:00:00	0.0144
27.02.2009 00:00:00	0.0145
28.02.2009 00:00:00	0.0144
01.03.2009 00:00:00	0.0144
02.03.2009 00:00:00	0.0144
03.03.2009 00:00:00	0.0145
04.03.2009 00:00:00	0.0146
05.03.2009 00:00:00	0.0147
06.03.2009 00:00:00	0.0148
07.03.2009 00:00:00	0.0149
08.03.2009 00:00:00	0.015
09.03.2009 00:00:00	0.0151
10.03.2009 00:00:00	0.0153
11.03.2009 00:00:00	0.0154
12.03.2009 00:00:00	0.0155
13.03.2009 00:00:00	0.0157
14.03.2009 00:00:00	0.016
15.03.2009 00:00:00	0.0162
16.03.2009 00:00:00	0.0165
17.03.2009 00:00:00	0.0168
18.03.2009 00:00:00	0.0173
19.03.2009 00:00:00	0.0179
20.03.2009 00:00:00	0.0185
21.03.2009 00:00:00	0.0191
22.03.2009 00:00:00	0.0202
23.03.2009 00:00:00	0.0215
24.03.2009 00:00:00	0.0229
25.03.2009 00:00:00	0.0239
26.03.2009 00:00:00	0.0256
27.03.2009 00:00:00	0.0283
28.03.2009 00:00:00	0.0496
29.03.2009 00:00:00	0.1345
30.03.2009 00:00:00	0.1679
31.03.2009 00:00:00	0.1962
01.04.2009 00:00:00	0.2683
02.04.2009 00:00:00	0.4519
03.04.2009 00:00:00	0.5414
04.04.2009 00:00:00	0.5545
05.04.2009 00:00:00	0.5864
06.04.2009 00:00:00	0.655
07.04.2009 00:00:00	0.7104
08.04.2009 00:00:00	0.7617
09.04.2009 00:00:00	0.8141
10.04.2009 00:00:00	0.8725
11.04.2009 00:00:00	0.9054
12.04.2009 00:00:00	0.9246
13.04.2009 00:00:00	0.9554
14.04.2009 00:00:00	0.9902
15.04.2009 00:00:00	0.9907
16.04.2009 00:00:00	0.9945
17.04.2009 00:00:00	0.9851
18.04.2009 00:00:00	0.9359
19.04.2009 00:00:00	0.9325
20.04.2009 00:00:00	0.9783
21.04.2009 00:00:00	0.9848
22.04.2009 00:00:00	0.9749
23.04.2009 00:00:00	0.9669
24.04.2009 00:00:00	0.9158
25.04.2009 00:00:00	0.9304
26.04.2009 00:00:00	0.9482
27.04.2009 00:00:00	1.0055
28.04.2009 00:00:00	1.0692
29.04.2009 00:00:00	1.0464
30.04.2009 00:00:00	0.9908
01.05.2009 00:00:00	0.9521
02.05.2009 00:00:00	1.0225
03.05.2009 00:00:00	1.0153
04.05.2009 00:00:00	1.0023
05.05.2009 00:00:00	0.9552
06.05.2009 00:00:00	0.9279
07.05.2009 00:00:00	1.0173
08.05.2009 00:00:00	1.0357
09.05.2009 00:00:00	1.0836
10.05.2009 00:00:00	1.1089
11.05.2009 00:00:00	1.1233
12.05.2009 00:00:00	1.1886
13.05.2009 00:00:00	1.1997
14.05.2009 00:00:00	1.2093
15.05.2009 00:00:00	1.1751
16.05.2009 00:00:00	1.1333
17.05.2009 00:00:00	1.0864
18.05.2009 00:00:00	1.082
19.05.2009 00:00:00	1.115
20.05.2009 00:00:00	1.1034
21.05.2009 00:00:00	1.0787
22.05.2009 00:00:00	1.0926
23.05.2009 00:00:00	1.1141
24.05.2009 00:00:00	1.1227
25.05.2009 00:00:00	1.1168
26.05.2009 00:00:00	1.054
27.05.2009 00:00:00	1.0795
28.05.2009 00:00:00	0.9393
29.05.2009 00:00:00	0.9431
30.05.2009 00:00:00	0.9351
31.05.2009 00:00:00	1.0242
01.06.2009 00:00:00	0.9574
02.06.2009 00:00:00	0.9612
03.06.2009 00:00:00	1.0843
04.06.2009 00:00:00	0.9516
05.06.2009 00:00:00	0.8546
06.06.2009 00:00:00	0.8796
07.06.2009 00:00:00	0.8636
08.06.2009 00:00:00	0.8304
09.06.2009 00:00:00	0.8248
10.06.2009 00:00:00	0.8074
11.06.2009 00:00:00	0.7762
12.06.2009 00:00:00	0.8539
13.06.2009 00:00:00	0.7879
14.06.2009 00:00:00	0.7751
15.06.2009 00:00:00	0.7467
16.06.2009 00:00:00	0.8728
17.06.2009 00:00:00	0.7898
18.06.2009 00:00:00	0.7297
19.06.2009 00:00:00	0.7214
20.06.2009 00:00:00	0.9832
21.06.2009 00:00:00	0.8396
22.06.2009 00:00:00	0.768
23.06.2009 00:00:00	1.0381
24.06.2009 00:00:00	1.3396
25.06.2009 00:00:00	1.2291
26.06.2009 00:00:00	0.981
27.06.2009 00:00:00	0.8582
28.06.2009 00:00:00	0.8747
29.06.2009 00:00:00	1.038
30.06.2009 00:00:00	0.9508
01.07.2009 00:00:00	0.8105
02.07.2009 00:00:00	0.6824
03.07.2009 00:00:00	0.6047
04.07.2009 00:00:00	0.6174
05.07.2009 00:00:00	0.607
06.07.2009 00:00:00	0.5858
07.07.2009 00:00:00	0.5858
08.07.2009 00:00:00	0.6483
09.07.2009 00:00:00	0.5235
10.07.2009 00:00:00	0.5795
11.07.2009 00:00:00	0.5484
12.07.2009 00:00:00	0.4458
13.07.2009 00:00:00	0.4088
14.07.2009 00:00:00	0.3855
15.07.2009 00:00:00	0.3923
16.07.2009 00:00:00	0.4246
17.07.2009 00:00:00	0.3802
18.07.2009 00:00:00	0.6095
19.07.2009 00:00:00	0.7871
20.07.2009 00:00:00	0.5981
21.07.2009 00:00:00	0.445
22.07.2009 00:00:00	0.3955
23.07.2009 00:00:00	0.3699
24.07.2009 00:00:00	0.407
25.07.2009 00:00:00	0.53
26.07.2009 00:00:00	0.4194
27.07.2009 00:00:00	0.3745
28.07.2009 00:00:00	0.3663
29.07.2009 00:00:00	0.3646
30.07.2009 00:00:00	0.3507
31.07.2009 00:00:00	0.3473
01.08.2009 00:00:00	0.3377
02.08.2009 00:00:00	0.3897
03.08.2009 00:00:00	0.5356
04.08.2009 00:00:00	0.677
05.08.2009 00:00:00	0.634
06.08.2009 00:00:00	0.4674
07.08.2009 00:00:00	0.399
08.08.2009 00:00:00	0.3709
09.08.2009 00:00:00	0.3657
10.08.2009 00:00:00	0.3583
11.08.2009 00:00:00	NA
12.08.2009 00:00:00	NA
13.08.2009 00:00:00	NA
14.08.2009 00:00:00	NA
15.08.2009 00:00:00	NA
16.08.2009 00:00:00	NA
17.08.2009 00:00:00	NA
18.08.2009 00:00:00	NA
19.08.2009 00:00:00	NA
20.08.2009 00:00:00	0.3895
21.08.2009 00:00:00	0.3979
22.08.2009 00:00:00	0.3986
23.08.2009 00:00:00	0.3967
24.08.2009 00:00:00	0.395
25.08.2009 00:00:00	0.3919
26.08.2009 00:00:00	0.3943
27.08.2009 00:00:00	0.3943
28.08.2009 00:00:00	0.3919
29.08.2009 00:00:00	0.4012
30.08.2009 00:00:00	0.3947
31.08.2009 00:00:00	0.3948
01.09.2009 00:00:00	0.392
02.09.2009 00:00:00	NA
03.09.2009 00:00:00	NA
04.09.2009 00:00:00	NA
05.09.2009 00:00:00	NA
06.09.2009 00:00:00	NA
07.09.2009 00:00:00	0.3012
08.09.2009 00:00:00	0.287
09.09.2009 00:00:00	0.2736
10.09.2009 00:00:00	0.2664
11.09.2009 00:00:00	0.3533
12.09.2009 00:00:00	0.3908
13.09.2009 00:00:00	0.3497
14.09.2009 00:00:00	0.4479
15.09.2009 00:00:00	0.3953
16.09.2009 00:00:00	0.3143
17.09.2009 00:00:00	0.2873
18.09.2009 00:00:00	0.2939
19.09.2009 00:00:00	0.2762
20.09.2009 00:00:00	0.2633
21.09.2009 00:00:00	0.2547
22.09.2009 00:00:00	0.2475
23.09.2009 00:00:00	0.2433
24.09.2009 00:00:00	0.2386
25.09.2009 00:00:00	0.2354
26.09.2009 00:00:00	0.234
27.09.2009 00:00:00	0.2285
28.09.2009 00:00:00	0.2255
29.09.2009 00:00:00	0.2198
30.09.2009 00:00:00	0.2141
01.10.2009 00:00:00	0.2139
02.10.2009 00:00:00	0.2139
03.10.2009 00:00:00	0.212
04.10.2009 00:00:00	0.2064
05.10.2009 00:00:00	0.2004
06.10.2009 00:00:00	0.1989
07.10.2009 00:00:00	0.1971
08.10.2009 00:00:00	0.1941
09.10.2009 00:00:00	0.2065
10.10.2009 00:00:00	0.21
11.10.2009 00:00:00	0.2363
12.10.2009 00:00:00	0.2198
13.10.2009 00:00:00	0.2189
14.10.2009 00:00:00	0.1948
15.10.2009 00:00:00	0.1857
16.10.2009 00:00:00	0.1819
17.10.2009 00:00:00	0.181
18.10.2009 00:00:00	0.1801
19.10.2009 00:00:00	0.1789
20.10.2009 00:00:00	0.1749
21.10.2009 00:00:00	0.1761
22.10.2009 00:00:00	0.2684
23.10.2009 00:00:00	0.271
24.10.2009 00:00:00	0.2573
25.10.2009 00:00:00	0.2387
26.10.2009 00:00:00	0.2519
27.10.2009 00:00:00	0.2539
28.10.2009 00:00:00	0.2226
29.10.2009 00:00:00	0.2031
30.10.2009 00:00:00	0.2011
31.10.2009 00:00:00	0.1877
01.11.2009 00:00:00	0.1747
02.11.2009 00:00:00	0.1679
03.11.2009 00:00:00	0.1711
04.11.2009 00:00:00	0.173
05.11.2009 00:00:00	0.178
06.11.2009 00:00:00	0.1687
07.11.2009 00:00:00	0.1616
08.11.2009 00:00:00	0.1607
09.11.2009 00:00:00	0.1533
10.11.2009 00:00:00	0.1514
11.11.2009 00:00:00	0.15
12.11.2009 00:00:00	0.1455
13.11.2009 00:00:00	0.1583
14.11.2009 00:00:00	0.1779
15.11.2009 00:00:00	0.1737
16.11.2009 00:00:00	0.1813
17.11.2009 00:00:00	0.2501
18.11.2009 00:00:00	NA
19.11.2009 00:00:00	NA
20.11.2009 00:00:00	NA
21.11.2009 00:00:00	NA
22.11.2009 00:00:00	NA
23.11.2009 00:00:00	NA
24.11.2009 00:00:00	NA
25.11.2009 00:00:00	NA
26.11.2009 00:00:00	NA
27.11.2009 00:00:00	NA
28.11.2009 00:00:00	NA
29.11.2009 00:00:00	NA
30.11.2009 00:00:00	NA
01.12.2009 00:00:00	NA
02.12.2009 00:00:00	NA
03.12.2009 00:00:00	NA
04.12.2009 00:00:00	NA
05.12.2009 00:00:00	NA
06.12.2009 00:00:00	NA
07.12.2009 00:00:00	NA
08.12.2009 00:00:00	NA
09.12.2009 00:00:00	NA
10.12.2009 00:00:00	NA
11.12.2009 00:00:00	NA
12.12.2009 00:00:00	NA
13.12.2009 00:00:00	NA
14.12.2009 00:00:00	NA
15.12.2009 00:00:00	NA
16.12.2009 00:00:00	NA
17.12.2009 00:00:00	NA
18.12.2009 00:00:00	NA
19.12.2009 00:00:00	NA
20.12.2009 00:00:00	NA
21.12.2009 00:00:00	NA
22.12.2009 00:00:00	0.2787
23.12.2009 00:00:00	0.2835
24.12.2009 00:00:00	0.2992
25.12.2009 00:00:00	0.4198
26.12.2009 00:00:00	0.3711
27.12.2009 00:00:00	0.3434
28.12.2009 00:00:00	0.3309
29.12.2009 00:00:00	0.3219
30.12.2009 00:00:00	0.3151
31.12.2009 00:00:00	0.3139
01.01.2010 00:00:00	0.3139
02.01.2010 00:00:00	0.3138
03.01.2010 00:00:00	0.3083
04.01.2010 00:00:00	0.2966
05.01.2010 00:00:00	0.2544
06.01.2010 00:00:00	0.1896
07.01.2010 00:00:00	0.1297
08.01.2010 00:00:00	0.0967
09.01.2010 00:00:00	0.0777
10.01.2010 00:00:00	0.0695
11.01.2010 00:00:00	NA
12.01.2010 00:00:00	NA
13.01.2010 00:00:00	NA
14.01.2010 00:00:00	NA
15.01.2010 00:00:00	NA
16.01.2010 00:00:00	NA
17.01.2010 00:00:00	NA
18.01.2010 00:00:00	NA
19.01.2010 00:00:00	NA
20.01.2010 00:00:00	NA
21.01.2010 00:00:00	NA
22.01.2010 00:00:00	NA
23.01.2010 00:00:00	NA
24.01.2010 00:00:00	NA
25.01.2010 00:00:00	NA
26.01.2010 00:00:00	NA
27.01.2010 00:00:00	NA
28.01.2010 00:00:00	NA
29.01.2010 00:00:00	NA
30.01.2010 00:00:00	NA
31.01.2010 00:00:00	NA
01.02.2010 00:00:00	NA
02.02.2010 00:00:00	NA
03.02.2010 00:00:00	NA
04.02.2010 00:00:00	NA
05.02.2010 00:00:00	NA
06.02.2010 00:00:00	NA
07.02.2010 00:00:00	NA
08.02.2010 00:00:00	NA
09.02.2010 00:00:00	NA
10.02.2010 00:00:00	NA
11.02.2010 00:00:00	NA
12.02.2010 00:00:00	NA
13.02.2010 00:00:00	NA
14.02.2010 00:00:00	NA
15.02.2010 00:00:00	NA
16.02.2010 00:00:00	NA
17.02.2010 00:00:00	NA
18.02.2010 00:00:00	NA
19.02.2010 00:00:00	NA
20.02.2010 00:00:00	NA
21.02.2010 00:00:00	NA
22.02.2010 00:00:00	NA
23.02.2010 00:00:00	NA
24.02.2010 00:00:00	NA
25.02.2010 00:00:00	NA
26.02.2010 00:00:00	NA
27.02.2010 00:00:00	NA
28.02.2010 00:00:00	NA
01.03.2010 00:00:00	NA
02.03.2010 00:00:00	NA
03.03.2010 00:00:00	0.0145
04.03.2010 00:00:00	0.0128
05.03.2010 00:00:00	0.0113
06.03.2010 00:00:00	0.0103
07.03.2010 00:00:00	0.0095
08.03.2010 00:00:00	0.0091
09.03.2010 00:00:00	0.0089
10.03.2010 00:00:00	0.0085
11.03.2010 00:00:00	0.0084
12.03.2010 00:00:00	0.0082
13.03.2010 00:00:00	0.0079
14.03.2010 00:00:00	0.0077
15.03.2010 00:00:00	0.0076
16.03.2010 00:00:00	0.0081
17.03.2010 00:00:00	0.0081
18.03.2010 00:00:00	0.0079
19.03.2010 00:00:00	0.0094
20.03.2010 00:00:00	0.0156
21.03.2010 00:00:00	0.0245
22.03.2010 00:00:00	0.0583
23.03.2010 00:00:00	0.0632
24.03.2010 00:00:00	0.0711
25.03.2010 00:00:00	0.0976
26.03.2010 00:00:00	0.1379
27.03.2010 00:00:00	0.1526
28.03.2010 00:00:00	0.1298
29.03.2010 00:00:00	0.1317
30.03.2010 00:00:00	0.1925
31.03.2010 00:00:00	0.2068
01.04.2010 00:00:00	0.1871
02.04.2010 00:00:00	0.1881
03.04.2010 00:00:00	0.1972
04.04.2010 00:00:00	0.2223
05.04.2010 00:00:00	0.264
06.04.2010 00:00:00	0.2599
07.04.2010 00:00:00	0.2846
08.04.2010 00:00:00	0.3501
09.04.2010 00:00:00	0.3795
10.04.2010 00:00:00	0.3878
11.04.2010 00:00:00	0.359
12.04.2010 00:00:00	0.3526
13.04.2010 00:00:00	0.3544
14.04.2010 00:00:00	0.397
15.04.2010 00:00:00	0.4059
16.04.2010 00:00:00	0.4237
17.04.2010 00:00:00	0.4918
18.04.2010 00:00:00	0.5391
19.04.2010 00:00:00	0.5592
20.04.2010 00:00:00	0.5897
21.04.2010 00:00:00	0.6138
22.04.2010 00:00:00	0.6331
23.04.2010 00:00:00	0.6545
24.04.2010 00:00:00	0.7019
25.04.2010 00:00:00	0.7423
26.04.2010 00:00:00	0.7446
27.04.2010 00:00:00	0.7378
28.04.2010 00:00:00	0.7678
29.04.2010 00:00:00	0.8008
30.04.2010 00:00:00	0.8397
01.05.2010 00:00:00	0.8892
02.05.2010 00:00:00	0.903
03.05.2010 00:00:00	0.8925
04.05.2010 00:00:00	0.8723
05.05.2010 00:00:00	0.8928
06.05.2010 00:00:00	0.9321
07.05.2010 00:00:00	0.8606
08.05.2010 00:00:00	0.8291
09.05.2010 00:00:00	0.8559
10.05.2010 00:00:00	0.8584
11.05.2010 00:00:00	0.888
12.05.2010 00:00:00	0.8594
13.05.2010 00:00:00	0.8583
14.05.2010 00:00:00	0.8767
15.05.2010 00:00:00	0.8234
16.05.2010 00:00:00	0.7964
17.05.2010 00:00:00	0.7654
18.05.2010 00:00:00	0.7697
19.05.2010 00:00:00	0.7432
20.05.2010 00:00:00	0.7299
21.05.2010 00:00:00	0.8285
22.05.2010 00:00:00	0.9692
23.05.2010 00:00:00	0.9897
24.05.2010 00:00:00	0.9702
25.05.2010 00:00:00	0.9523
26.05.2010 00:00:00	0.9726
27.05.2010 00:00:00	0.9989
28.05.2010 00:00:00	0.9387
29.05.2010 00:00:00	0.9354
30.05.2010 00:00:00	0.9364
31.05.2010 00:00:00	0.9736
01.06.2010 00:00:00	0.9914
02.06.2010 00:00:00	1.141
03.06.2010 00:00:00	1.5336
04.06.2010 00:00:00	1.3384
05.06.2010 00:00:00	1.1363
06.06.2010 00:00:00	0.9829
07.06.2010 00:00:00	0.9015
08.06.2010 00:00:00	0.8423
09.06.2010 00:00:00	0.8294
10.06.2010 00:00:00	0.8199
11.06.2010 00:00:00	0.6272
12.06.2010 00:00:00	0.5651
13.06.2010 00:00:00	0.5159
14.06.2010 00:00:00	0.831
15.06.2010 00:00:00	0.4819
16.06.2010 00:00:00	0.6677
17.06.2010 00:00:00	0.5429
18.06.2010 00:00:00	0.5416
19.06.2010 00:00:00	0.5779
20.06.2010 00:00:00	0.8857
21.06.2010 00:00:00	0.8394
22.06.2010 00:00:00	0.7441
23.06.2010 00:00:00	0.5758
24.06.2010 00:00:00	0.3982
25.06.2010 00:00:00	0.2764
26.06.2010 00:00:00	0.3289
27.06.2010 00:00:00	0.2271
28.06.2010 00:00:00	0.1777
29.06.2010 00:00:00	0.1426
30.06.2010 00:00:00	0.1145
01.07.2010 00:00:00	0.1186
02.07.2010 00:00:00	0.0867
03.07.2010 00:00:00	0.0715
04.07.2010 00:00:00	0.5731
05.07.2010 00:00:00	2.6298
06.07.2010 00:00:00	2.6008
07.07.2010 00:00:00	1.5653
08.07.2010 00:00:00	0.7686
09.07.2010 00:00:00	0.3816
10.07.2010 00:00:00	0.2523
11.07.2010 00:00:00	0.1773
12.07.2010 00:00:00	0.1413
13.07.2010 00:00:00	0.1214
14.07.2010 00:00:00	0.0983
15.07.2010 00:00:00	0.0893
16.07.2010 00:00:00	0.0855
17.07.2010 00:00:00	0.3598
18.07.2010 00:00:00	0.9636
19.07.2010 00:00:00	0.3868
20.07.2010 00:00:00	0.234
21.07.2010 00:00:00	0.1704
22.07.2010 00:00:00	0.1234
23.07.2010 00:00:00	0.18
24.07.2010 00:00:00	0.8512
25.07.2010 00:00:00	1.3904
26.07.2010 00:00:00	0.7248
27.07.2010 00:00:00	0.367
28.07.2010 00:00:00	0.3648
29.07.2010 00:00:00	0.4939
30.07.2010 00:00:00	1.1317
31.07.2010 00:00:00	0.9406
01.08.2010 00:00:00	0.4078
02.08.2010 00:00:00	0.2988
03.08.2010 00:00:00	0.773
04.08.2010 00:00:00	0.6369
05.08.2010 00:00:00	0.4076
06.08.2010 00:00:00	0.6694
07.08.2010 00:00:00	0.5238
08.08.2010 00:00:00	0.6025
09.08.2010 00:00:00	0.6216
10.08.2010 00:00:00	0.5363
11.08.2010 00:00:00	0.6716
12.08.2010 00:00:00	0.3627
13.08.2010 00:00:00	0.5506
14.08.2010 00:00:00	0.4068
15.08.2010 00:00:00	0.3317
16.08.2010 00:00:00	0.3846
17.08.2010 00:00:00	0.5482
18.08.2010 00:00:00	0.4872
19.08.2010 00:00:00	0.2996
20.08.2010 00:00:00	0.2239
21.08.2010 00:00:00	0.1583
22.08.2010 00:00:00	0.1164
23.08.2010 00:00:00	0.1051
24.08.2010 00:00:00	0.4818
25.08.2010 00:00:00	0.8872
26.08.2010 00:00:00	0.4575
27.08.2010 00:00:00	0.5824
28.08.2010 00:00:00	0.9697
29.08.2010 00:00:00	1.0053
30.08.2010 00:00:00	0.9517
31.08.2010 00:00:00	1.2939
01.09.2010 00:00:00	1.5863
02.09.2010 00:00:00	1.0905
03.09.2010 00:00:00	0.7703
04.09.2010 00:00:00	0.6901
05.09.2010 00:00:00	0.7379
06.09.2010 00:00:00	0.4523
07.09.2010 00:00:00	0.319
08.09.2010 00:00:00	0.2496
09.09.2010 00:00:00	0.3328
10.09.2010 00:00:00	0.2547
11.09.2010 00:00:00	0.1931
12.09.2010 00:00:00	0.1442
13.09.2010 00:00:00	0.1089
14.09.2010 00:00:00	0.1179
15.09.2010 00:00:00	0.1078
16.09.2010 00:00:00	0.2594
17.09.2010 00:00:00	0.4493
18.09.2010 00:00:00	0.794
19.09.2010 00:00:00	0.6055
20.09.2010 00:00:00	0.3851
21.09.2010 00:00:00	0.2508
22.09.2010 00:00:00	0.1765
23.09.2010 00:00:00	0.127
24.09.2010 00:00:00	0.0972
25.09.2010 00:00:00	NA
26.09.2010 00:00:00	0.5692
27.09.2010 00:00:00	0.3899
28.09.2010 00:00:00	NA
29.09.2010 00:00:00	NA
30.09.2010 00:00:00	0.2659
01.10.2010 00:00:00	0.2926
02.10.2010 00:00:00	0.2628
03.10.2010 00:00:00	0.1847
04.10.2010 00:00:00	0.1399
05.10.2010 00:00:00	0.1216
06.10.2010 00:00:00	0.1284
07.10.2010 00:00:00	0.1154
08.10.2010 00:00:00	0.091
09.10.2010 00:00:00	0.065
10.10.2010 00:00:00	0.0501
11.10.2010 00:00:00	0.0409
12.10.2010 00:00:00	0.0295
13.10.2010 00:00:00	0.026
14.10.2010 00:00:00	0.0255
15.10.2010 00:00:00	0.0249
16.10.2010 00:00:00	0.024
17.10.2010 00:00:00	0.0231
18.10.2010 00:00:00	0.0228
19.10.2010 00:00:00	0.0228
20.10.2010 00:00:00	0.0234
21.10.2010 00:00:00	0.037
22.10.2010 00:00:00	0.0274
23.10.2010 00:00:00	0.0287
24.10.2010 00:00:00	0.0549
25.10.2010 00:00:00	0.116
26.10.2010 00:00:00	0.1289
27.10.2010 00:00:00	0.1059
28.10.2010 00:00:00	0.1035
29.10.2010 00:00:00	0.3542
30.10.2010 00:00:00	0.4241
31.10.2010 00:00:00	0.5632
01.11.2010 00:00:00	0.811
02.11.2010 00:00:00	0.6535
03.11.2010 00:00:00	0.5429
04.11.2010 00:00:00	0.4437
05.11.2010 00:00:00	0.4058
06.11.2010 00:00:00	0.2854
07.11.2010 00:00:00	0.2
08.11.2010 00:00:00	0.1602
09.11.2010 00:00:00	0.1331
10.11.2010 00:00:00	0.0999
11.11.2010 00:00:00	0.0751
12.11.2010 00:00:00	0.2772
13.11.2010 00:00:00	0.5349
14.11.2010 00:00:00	0.3011
15.11.2010 00:00:00	0.1937
16.11.2010 00:00:00	0.1463
17.11.2010 00:00:00	0.1489
18.11.2010 00:00:00	0.1957
19.11.2010 00:00:00	0.1733
20.11.2010 00:00:00	0.1591
21.11.2010 00:00:00	0.147
22.11.2010 00:00:00	0.1351
23.11.2010 00:00:00	0.1231
24.11.2010 00:00:00	0.1113
25.11.2010 00:00:00	0.0997
26.11.2010 00:00:00	0.0881
27.11.2010 00:00:00	0.0768
28.11.2010 00:00:00	0.0655
29.11.2010 00:00:00	0.0545
30.11.2010 00:00:00	0.0438
01.12.2010 00:00:00	0.0331
02.12.2010 00:00:00	0.0274
03.12.2010 00:00:00	0.0266
04.12.2010 00:00:00	0.0259
05.12.2010 00:00:00	0.0254
06.12.2010 00:00:00	0.026
07.12.2010 00:00:00	0.0266
08.12.2010 00:00:00	0.0272
09.12.2010 00:00:00	0.0293
10.12.2010 00:00:00	0.0378
11.12.2010 00:00:00	0.0472
12.12.2010 00:00:00	0.0566
13.12.2010 00:00:00	0.0663
14.12.2010 00:00:00	0.0725
15.12.2010 00:00:00	0.061
16.12.2010 00:00:00	0.0596
17.12.2010 00:00:00	0.0428
18.12.2010 00:00:00	0.0335
19.12.2010 00:00:00	0.0274
20.12.2010 00:00:00	0.0271
21.12.2010 00:00:00	0.0276
22.12.2010 00:00:00	0.0273
23.12.2010 00:00:00	0.0614
24.12.2010 00:00:00	0.2821
25.12.2010 00:00:00	0.2223
26.12.2010 00:00:00	0.1352
27.12.2010 00:00:00	0.1051
28.12.2010 00:00:00	0.0833
29.12.2010 00:00:00	0.0704
30.12.2010 00:00:00	0.0585
31.12.2010 00:00:00	0.0473
01.01.2011 00:00:00	0.0402
02.01.2011 00:00:00	0.0347
03.01.2011 00:00:00	0.0262
04.01.2011 00:00:00	0.0124
05.01.2011 00:00:00	0.0029
06.01.2011 00:00:00	0
07.01.2011 00:00:00	0
08.01.2011 00:00:00	0
09.01.2011 00:00:00	0
10.01.2011 00:00:00	0
11.01.2011 00:00:00	0
12.01.2011 00:00:00	0
13.01.2011 00:00:00	0.488
14.01.2011 00:00:00	1.6406
15.01.2011 00:00:00	1.4089
16.01.2011 00:00:00	0.6404
17.01.2011 00:00:00	0.2901
18.01.2011 00:00:00	0.2013
19.01.2011 00:00:00	0.1627
20.01.2011 00:00:00	0.1042
21.01.2011 00:00:00	0.0417
22.01.2011 00:00:00	0.0062
23.01.2011 00:00:00	0.0026
24.01.2011 00:00:00	0.0021
25.01.2011 00:00:00	0.0018
26.01.2011 00:00:00	0.0015
27.01.2011 00:00:00	0.001
28.01.2011 00:00:00	5e-04
29.01.2011 00:00:00	2e-04
30.01.2011 00:00:00	0
31.01.2011 00:00:00	0
01.02.2011 00:00:00	0
02.02.2011 00:00:00	0
03.02.2011 00:00:00	0
04.02.2011 00:00:00	0
05.02.2011 00:00:00	0
06.02.2011 00:00:00	0
07.02.2011 00:00:00	0
08.02.2011 00:00:00	0
09.02.2011 00:00:00	0
10.02.2011 00:00:00	0
11.02.2011 00:00:00	0
12.02.2011 00:00:00	0.0113
13.02.2011 00:00:00	0.0036
14.02.2011 00:00:00	0.0023
15.02.2011 00:00:00	0.0018
16.02.2011 00:00:00	0.0014
17.02.2011 00:00:00	9e-04
18.02.2011 00:00:00	7e-04
19.02.2011 00:00:00	2e-04
20.02.2011 00:00:00	0
21.02.2011 00:00:00	0
22.02.2011 00:00:00	0
23.02.2011 00:00:00	0
24.02.2011 00:00:00	0
25.02.2011 00:00:00	0
26.02.2011 00:00:00	0
27.02.2011 00:00:00	0
28.02.2011 00:00:00	0
01.03.2011 00:00:00	0
02.03.2011 00:00:00	0
03.03.2011 00:00:00	0
04.03.2011 00:00:00	0
05.03.2011 00:00:00	0
06.03.2011 00:00:00	0
07.03.2011 00:00:00	0
08.03.2011 00:00:00	0
09.03.2011 00:00:00	0
10.03.2011 00:00:00	0
11.03.2011 00:00:00	0
12.03.2011 00:00:00	0
13.03.2011 00:00:00	3e-04
14.03.2011 00:00:00	6e-04
15.03.2011 00:00:00	0.0171
16.03.2011 00:00:00	0.2319
17.03.2011 00:00:00	0.3701
18.03.2011 00:00:00	0.3762
19.03.2011 00:00:00	0.2187
20.03.2011 00:00:00	0.0758
21.03.2011 00:00:00	0.0102
22.03.2011 00:00:00	0.0172
23.03.2011 00:00:00	0.0929
24.03.2011 00:00:00	0.2332
25.03.2011 00:00:00	0.3416
26.03.2011 00:00:00	0.3693
27.03.2011 00:00:00	0.399
28.03.2011 00:00:00	0.4937
29.03.2011 00:00:00	0.4405
30.03.2011 00:00:00	0.4668
31.03.2011 00:00:00	0.496
01.04.2011 00:00:00	0.7589
02.04.2011 00:00:00	0.8202
03.04.2011 00:00:00	0.7999
04.04.2011 00:00:00	0.812
05.04.2011 00:00:00	0.6324
06.04.2011 00:00:00	0.4726
07.04.2011 00:00:00	1.0011
08.04.2011 00:00:00	1.2111
09.04.2011 00:00:00	0.9941
10.04.2011 00:00:00	0.7181
11.04.2011 00:00:00	0.6349
12.04.2011 00:00:00	0.8184
13.04.2011 00:00:00	0.6473
14.04.2011 00:00:00	0.3974
15.04.2011 00:00:00	0.2671
16.04.2011 00:00:00	0.2092
17.04.2011 00:00:00	0.2636
18.04.2011 00:00:00	0.4698
19.04.2011 00:00:00	0.5831
20.04.2011 00:00:00	0.6397
21.04.2011 00:00:00	0.7133
22.04.2011 00:00:00	0.7707
23.04.2011 00:00:00	0.7347
24.04.2011 00:00:00	0.6927
25.04.2011 00:00:00	0.7014
26.04.2011 00:00:00	0.6424
27.04.2011 00:00:00	0.5759
28.04.2011 00:00:00	0.5911
29.04.2011 00:00:00	0.5948
30.04.2011 00:00:00	0.6087
01.05.2011 00:00:00	0.5331
02.05.2011 00:00:00	0.6296
03.05.2011 00:00:00	0.837
04.05.2011 00:00:00	0.5048
05.05.2011 00:00:00	0.3565
06.05.2011 00:00:00	0.4647
07.05.2011 00:00:00	0.5663
08.05.2011 00:00:00	0.567
09.05.2011 00:00:00	0.5407
10.05.2011 00:00:00	0.5521
11.05.2011 00:00:00	0.582
12.05.2011 00:00:00	0.6205
13.05.2011 00:00:00	0.7663
14.05.2011 00:00:00	0.5642
15.05.2011 00:00:00	0.7957
16.05.2011 00:00:00	0.5295
17.05.2011 00:00:00	0.6623
18.05.2011 00:00:00	0.7722
19.05.2011 00:00:00	0.6306
20.05.2011 00:00:00	0.5391
21.05.2011 00:00:00	0.4336
22.05.2011 00:00:00	0.3835
23.05.2011 00:00:00	0.4111
24.05.2011 00:00:00	0.3508
25.05.2011 00:00:00	0.3217
26.05.2011 00:00:00	0.2628
27.05.2011 00:00:00	0.5083
28.05.2011 00:00:00	0.9291
29.05.2011 00:00:00	0.9154
30.05.2011 00:00:00	0.7884
31.05.2011 00:00:00	0.5202
01.06.2011 00:00:00	0.3403
02.06.2011 00:00:00	0.2783
03.06.2011 00:00:00	0.2808
04.06.2011 00:00:00	0.4006
05.06.2011 00:00:00	0.2651
06.06.2011 00:00:00	0.1919
07.06.2011 00:00:00	0.1479
08.06.2011 00:00:00	0.2627
09.06.2011 00:00:00	0.8753
10.06.2011 00:00:00	0.4834
11.06.2011 00:00:00	0.3458
12.06.2011 00:00:00	0.8601
13.06.2011 00:00:00	0.6014
14.06.2011 00:00:00	0.8194
15.06.2011 00:00:00	0.5375
16.06.2011 00:00:00	0.3724
17.06.2011 00:00:00	0.6588
18.06.2011 00:00:00	0.7699
19.06.2011 00:00:00	1.0959
20.06.2011 00:00:00	0.7198
21.06.2011 00:00:00	0.5752
22.06.2011 00:00:00	0.3803
23.06.2011 00:00:00	0.874
24.06.2011 00:00:00	0.9805
25.06.2011 00:00:00	0.6499
26.06.2011 00:00:00	0.7091
27.06.2011 00:00:00	0.601
28.06.2011 00:00:00	0.3331
29.06.2011 00:00:00	0.2221
30.06.2011 00:00:00	0.5085
01.07.2011 00:00:00	0.4306
02.07.2011 00:00:00	0.549
03.07.2011 00:00:00	0.513
04.07.2011 00:00:00	0.3067
05.07.2011 00:00:00	0.3377
06.07.2011 00:00:00	0.5059
07.07.2011 00:00:00	0.2623
08.07.2011 00:00:00	0.1616
09.07.2011 00:00:00	0.1036
10.07.2011 00:00:00	0.0625
11.07.2011 00:00:00	0.044
12.07.2011 00:00:00	0.0292
13.07.2011 00:00:00	0.0263
14.07.2011 00:00:00	0.1163
15.07.2011 00:00:00	0.3263
16.07.2011 00:00:00	0.2155
17.07.2011 00:00:00	0.0953
18.07.2011 00:00:00	0.1766
19.07.2011 00:00:00	0.1796
20.07.2011 00:00:00	0.4633
21.07.2011 00:00:00	1.1728
22.07.2011 00:00:00	0.861
23.07.2011 00:00:00	0.6663
24.07.2011 00:00:00	1.1643
25.07.2011 00:00:00	0.9549
26.07.2011 00:00:00	0.4904
27.07.2011 00:00:00	0.2878
28.07.2011 00:00:00	0.1862
29.07.2011 00:00:00	0.4864
30.07.2011 00:00:00	0.6103
31.07.2011 00:00:00	0.5709
01.08.2011 00:00:00	0.3278
02.08.2011 00:00:00	0.1944
03.08.2011 00:00:00	0.1546
04.08.2011 00:00:00	0.7521
05.08.2011 00:00:00	0.6268
06.08.2011 00:00:00	0.4673
07.08.2011 00:00:00	0.2919
08.08.2011 00:00:00	0.7437
09.08.2011 00:00:00	1.1272
10.08.2011 00:00:00	0.9212
11.08.2011 00:00:00	0.5865
12.08.2011 00:00:00	0.3186
13.08.2011 00:00:00	0.3449
14.08.2011 00:00:00	0.2599
15.08.2011 00:00:00	0.7501
16.08.2011 00:00:00	0.6525
17.08.2011 00:00:00	0.3813
18.08.2011 00:00:00	0.2457
19.08.2011 00:00:00	0.1819
20.08.2011 00:00:00	0.3948
21.08.2011 00:00:00	0.1899
22.08.2011 00:00:00	0.109
23.08.2011 00:00:00	0.0657
24.08.2011 00:00:00	0.0381
25.08.2011 00:00:00	0.0276
26.08.2011 00:00:00	0.0262
27.08.2011 00:00:00	0.2032
28.08.2011 00:00:00	0.4189
29.08.2011 00:00:00	0.1757
30.08.2011 00:00:00	0.0842
31.08.2011 00:00:00	0.0394
01.09.2011 00:00:00	0.0268
02.09.2011 00:00:00	0.0255
03.09.2011 00:00:00	0.0246
04.09.2011 00:00:00	0.0246
05.09.2011 00:00:00	0.3075
06.09.2011 00:00:00	0.3951
07.09.2011 00:00:00	0.1467
08.09.2011 00:00:00	0.2206
09.09.2011 00:00:00	0.8276
10.09.2011 00:00:00	0.4417
11.09.2011 00:00:00	0.2224
12.09.2011 00:00:00	0.1393
13.09.2011 00:00:00	0.0756
14.09.2011 00:00:00	0.0434
15.09.2011 00:00:00	0.0448
16.09.2011 00:00:00	0.0267
17.09.2011 00:00:00	0.0252
18.09.2011 00:00:00	0.085
19.09.2011 00:00:00	0.5911
20.09.2011 00:00:00	0.628
21.09.2011 00:00:00	0.8806
22.09.2011 00:00:00	0.6103
23.09.2011 00:00:00	0.3619
24.09.2011 00:00:00	0.2175
25.09.2011 00:00:00	0.1294
26.09.2011 00:00:00	0.0641
27.09.2011 00:00:00	0.0302
28.09.2011 00:00:00	0.0258
29.09.2011 00:00:00	0.0243
30.09.2011 00:00:00	0.0234
01.10.2011 00:00:00	0.0225
02.10.2011 00:00:00	0.0217
03.10.2011 00:00:00	0.021
04.10.2011 00:00:00	0.0203
05.10.2011 00:00:00	0.0199
06.10.2011 00:00:00	0.0194
07.10.2011 00:00:00	0.4324
08.10.2011 00:00:00	0.3738
09.10.2011 00:00:00	0.3589
10.10.2011 00:00:00	1.0301
11.10.2011 00:00:00	2.5242
12.10.2011 00:00:00	2.0168
13.10.2011 00:00:00	1.5445
14.10.2011 00:00:00	1.1625
15.10.2011 00:00:00	0.5809
16.10.2011 00:00:00	0.3754
17.10.2011 00:00:00	0.2909
18.10.2011 00:00:00	0.2174
19.10.2011 00:00:00	0.2
20.10.2011 00:00:00	0.2169
21.10.2011 00:00:00	0.2124
22.10.2011 00:00:00	0.1911
23.10.2011 00:00:00	0.1743
24.10.2011 00:00:00	0.153
25.10.2011 00:00:00	0.1768
26.10.2011 00:00:00	0.4884
27.10.2011 00:00:00	0.449
28.10.2011 00:00:00	0.2536
29.10.2011 00:00:00	0.1685
30.10.2011 00:00:00	0.1213
31.10.2011 00:00:00	0.1003
01.11.2011 00:00:00	0.0899
02.11.2011 00:00:00	0.0885
03.11.2011 00:00:00	0.0867
04.11.2011 00:00:00	0.0879
05.11.2011 00:00:00	0.0834
06.11.2011 00:00:00	0.0706
07.11.2011 00:00:00	0.0744
08.11.2011 00:00:00	0.0973
09.11.2011 00:00:00	0.0998
10.11.2011 00:00:00	0.0961
11.11.2011 00:00:00	0.0929
12.11.2011 00:00:00	0.0741
13.11.2011 00:00:00	0.051
14.11.2011 00:00:00	0.0406
15.11.2011 00:00:00	0.0459
16.11.2011 00:00:00	0.052
17.11.2011 00:00:00	0.0369
18.11.2011 00:00:00	0.0178
19.11.2011 00:00:00	0.0064
20.11.2011 00:00:00	0.0028
21.11.2011 00:00:00	0.0023
22.11.2011 00:00:00	0.002
23.11.2011 00:00:00	0.0021
24.11.2011 00:00:00	0.0021
25.11.2011 00:00:00	0.0021
26.11.2011 00:00:00	0.0018
27.11.2011 00:00:00	0.0014
28.11.2011 00:00:00	0.0012
29.11.2011 00:00:00	0.0012
30.11.2011 00:00:00	0.0011
01.12.2011 00:00:00	8e-04
02.12.2011 00:00:00	8e-04
03.12.2011 00:00:00	7e-04
04.12.2011 00:00:00	5e-04
05.12.2011 00:00:00	4e-04
06.12.2011 00:00:00	3e-04
07.12.2011 00:00:00	6e-04
08.12.2011 00:00:00	0.0015
09.12.2011 00:00:00	6e-04
10.12.2011 00:00:00	4e-04
11.12.2011 00:00:00	3e-04
12.12.2011 00:00:00	2e-04
13.12.2011 00:00:00	4e-04
14.12.2011 00:00:00	3e-04
15.12.2011 00:00:00	5e-04
16.12.2011 00:00:00	7e-04
17.12.2011 00:00:00	0.0015
18.12.2011 00:00:00	0.0011
19.12.2011 00:00:00	9e-04
20.12.2011 00:00:00	7e-04
21.12.2011 00:00:00	7e-04
22.12.2011 00:00:00	7e-04
23.12.2011 00:00:00	0.0011
24.12.2011 00:00:00	0.0022
25.12.2011 00:00:00	0.0028
26.12.2011 00:00:00	0.0026
27.12.2011 00:00:00	0.0025
28.12.2011 00:00:00	0.0024
29.12.2011 00:00:00	0.0023
30.12.2011 00:00:00	0.0023
31.12.2011 00:00:00	0.0023
01.01.2012 00:00:00	0.0505
02.01.2012 00:00:00	0.2469
03.01.2012 00:00:00	0.1596
04.01.2012 00:00:00	0.0275
05.01.2012 00:00:00	0.0033
06.01.2012 00:00:00	0.0027
07.01.2012 00:00:00	0.0011
08.01.2012 00:00:00	0.0022
09.01.2012 00:00:00	0.0012
10.01.2012 00:00:00	0.0019
11.01.2012 00:00:00	0.001
12.01.2012 00:00:00	3e-04
13.01.2012 00:00:00	2e-04
14.01.2012 00:00:00	1e-04
15.01.2012 00:00:00	0
16.01.2012 00:00:00	0
17.01.2012 00:00:00	0
18.01.2012 00:00:00	0
19.01.2012 00:00:00	0.005
20.01.2012 00:00:00	0.3106
21.01.2012 00:00:00	0.1234
22.01.2012 00:00:00	0.1757
23.01.2012 00:00:00	0.221
24.01.2012 00:00:00	0.0984
25.01.2012 00:00:00	0.0143
26.01.2012 00:00:00	0.0024
27.01.2012 00:00:00	0.0015
28.01.2012 00:00:00	7e-04
29.01.2012 00:00:00	3e-04
30.01.2012 00:00:00	1e-04
31.01.2012 00:00:00	0
01.02.2012 00:00:00	0
02.02.2012 00:00:00	0
03.02.2012 00:00:00	0
04.02.2012 00:00:00	0
05.02.2012 00:00:00	0
06.02.2012 00:00:00	0
07.02.2012 00:00:00	0
08.02.2012 00:00:00	0
09.02.2012 00:00:00	0
10.02.2012 00:00:00	0
11.02.2012 00:00:00	0
12.02.2012 00:00:00	0
13.02.2012 00:00:00	0
14.02.2012 00:00:00	0
15.02.2012 00:00:00	0
16.02.2012 00:00:00	0
17.02.2012 00:00:00	0
18.02.2012 00:00:00	0
19.02.2012 00:00:00	0
20.02.2012 00:00:00	0
21.02.2012 00:00:00	0
22.02.2012 00:00:00	0
23.02.2012 00:00:00	0
24.02.2012 00:00:00	4e-04
25.02.2012 00:00:00	0.2408
26.02.2012 00:00:00	0.2364
27.02.2012 00:00:00	0.079
28.02.2012 00:00:00	0.0072
29.02.2012 00:00:00	0.1138
01.03.2012 00:00:00	0.2665
02.03.2012 00:00:00	NA
03.03.2012 00:00:00	NA
04.03.2012 00:00:00	NA
05.03.2012 00:00:00	NA
06.03.2012 00:00:00	NA
07.03.2012 00:00:00	NA
08.03.2012 00:00:00	NA
09.03.2012 00:00:00	NA
10.03.2012 00:00:00	NA
11.03.2012 00:00:00	NA
12.03.2012 00:00:00	NA
13.03.2012 00:00:00	NA
14.03.2012 00:00:00	NA
15.03.2012 00:00:00	NA
16.03.2012 00:00:00	NA
17.03.2012 00:00:00	NA
18.03.2012 00:00:00	NA
19.03.2012 00:00:00	NA
20.03.2012 00:00:00	NA
21.03.2012 00:00:00	NA
22.03.2012 00:00:00	NA
23.03.2012 00:00:00	NA
24.03.2012 00:00:00	NA
25.03.2012 00:00:00	NA
26.03.2012 00:00:00	NA
27.03.2012 00:00:00	NA
28.03.2012 00:00:00	NA
29.03.2012 00:00:00	0.7614
30.03.2012 00:00:00	0.9403
31.03.2012 00:00:00	0.8581
01.04.2012 00:00:00	0.6355
02.04.2012 00:00:00	0.3904
03.04.2012 00:00:00	0.3912
04.04.2012 00:00:00	0.5535
05.04.2012 00:00:00	0.7304
06.04.2012 00:00:00	0.7527
07.04.2012 00:00:00	0.6831
08.04.2012 00:00:00	0.4668
09.04.2012 00:00:00	0.3185
10.04.2012 00:00:00	0.2603
11.04.2012 00:00:00	0.3934
12.04.2012 00:00:00	0.4015
13.04.2012 00:00:00	0.3606
14.04.2012 00:00:00	0.3204
15.04.2012 00:00:00	0.308
16.04.2012 00:00:00	0.3444
17.04.2012 00:00:00	0.2971
18.04.2012 00:00:00	0.2386
19.04.2012 00:00:00	0.2705
20.04.2012 00:00:00	0.3479
21.04.2012 00:00:00	0.3061
22.04.2012 00:00:00	0.3633
23.04.2012 00:00:00	0.2859
24.04.2012 00:00:00	0.2417
25.04.2012 00:00:00	0.2298
26.04.2012 00:00:00	0.499
27.04.2012 00:00:00	0.9716
28.04.2012 00:00:00	1.2941
29.04.2012 00:00:00	1.8139
30.04.2012 00:00:00	1.9156
01.05.2012 00:00:00	1.9521
02.05.2012 00:00:00	2.2311
03.05.2012 00:00:00	2.0143
04.05.2012 00:00:00	1.6351
05.05.2012 00:00:00	1.441
06.05.2012 00:00:00	1.3978
07.05.2012 00:00:00	1.2664
08.05.2012 00:00:00	1.1391
09.05.2012 00:00:00	1.2082
10.05.2012 00:00:00	1.4071
11.05.2012 00:00:00	1.5141
12.05.2012 00:00:00	1.6757
13.05.2012 00:00:00	1.5188
14.05.2012 00:00:00	0.8702
15.05.2012 00:00:00	0.7419
16.05.2012 00:00:00	0.7639
17.05.2012 00:00:00	0.5579
18.05.2012 00:00:00	0.5714
19.05.2012 00:00:00	0.9346
20.05.2012 00:00:00	1.1857
21.05.2012 00:00:00	1.6181
22.05.2012 00:00:00	1.5111
23.05.2012 00:00:00	1.7493
24.05.2012 00:00:00	1.8822
25.05.2012 00:00:00	1.7901
26.05.2012 00:00:00	1.502
27.05.2012 00:00:00	1.2269
28.05.2012 00:00:00	1.0415
29.05.2012 00:00:00	1.4189
30.05.2012 00:00:00	1.3499
31.05.2012 00:00:00	1.539
01.06.2012 00:00:00	2.0385
02.06.2012 00:00:00	1.9564
03.06.2012 00:00:00	1.7481
04.06.2012 00:00:00	2.0391
05.06.2012 00:00:00	1.9777
06.06.2012 00:00:00	1.5145
07.06.2012 00:00:00	1.3034
08.06.2012 00:00:00	1.3774
09.06.2012 00:00:00	1.3762
10.06.2012 00:00:00	1.2011
11.06.2012 00:00:00	1.1272
12.06.2012 00:00:00	1.1034
13.06.2012 00:00:00	1.6898
14.06.2012 00:00:00	1.511
15.06.2012 00:00:00	1.1636
16.06.2012 00:00:00	1.0763
17.06.2012 00:00:00	1.0183
18.06.2012 00:00:00	1.0619
19.06.2012 00:00:00	1.0739
20.06.2012 00:00:00	0.9858
21.06.2012 00:00:00	1.1663
22.06.2012 00:00:00	1.9597
23.06.2012 00:00:00	2.291
24.06.2012 00:00:00	1.5421
25.06.2012 00:00:00	1.3264
26.06.2012 00:00:00	1.0409
27.06.2012 00:00:00	0.6829
28.06.2012 00:00:00	0.5786
29.06.2012 00:00:00	0.5191
30.06.2012 00:00:00	0.4912
01.07.2012 00:00:00	0.4844
02.07.2012 00:00:00	0.8139
03.07.2012 00:00:00	0.6641
04.07.2012 00:00:00	0.5528
05.07.2012 00:00:00	0.3746
06.07.2012 00:00:00	0.3293
07.07.2012 00:00:00	0.3244
08.07.2012 00:00:00	0.2679
09.07.2012 00:00:00	0.9415
10.07.2012 00:00:00	0.4241
11.07.2012 00:00:00	0.5041
12.07.2012 00:00:00	0.6492
13.07.2012 00:00:00	0.6471
14.07.2012 00:00:00	0.5962
15.07.2012 00:00:00	1.0645
16.07.2012 00:00:00	0.8784
17.07.2012 00:00:00	0.462
18.07.2012 00:00:00	0.2296
19.07.2012 00:00:00	0.1852
20.07.2012 00:00:00	0.5674
21.07.2012 00:00:00	1.5982
22.07.2012 00:00:00	1.2847
23.07.2012 00:00:00	0.6838
24.07.2012 00:00:00	0.2751
25.07.2012 00:00:00	0.2016
26.07.2012 00:00:00	0.8218
27.07.2012 00:00:00	0.3908
28.07.2012 00:00:00	0.3101
29.07.2012 00:00:00	0.5373
30.07.2012 00:00:00	0.5703
31.07.2012 00:00:00	0.2661
01.08.2012 00:00:00	0.1156
02.08.2012 00:00:00	0.064
03.08.2012 00:00:00	0.0374
04.08.2012 00:00:00	0.2023
05.08.2012 00:00:00	0.6041
06.08.2012 00:00:00	0.2578
07.08.2012 00:00:00	0.7038
08.08.2012 00:00:00	0.2473
09.08.2012 00:00:00	0.1194
10.08.2012 00:00:00	0.0632
11.08.2012 00:00:00	0.1584
12.08.2012 00:00:00	0.1128
13.08.2012 00:00:00	0.0333
14.08.2012 00:00:00	0.0252
15.08.2012 00:00:00	0.0226
16.08.2012 00:00:00	0.0211
17.08.2012 00:00:00	0.0198
18.08.2012 00:00:00	0.0189
19.08.2012 00:00:00	0.0184
20.08.2012 00:00:00	0.0181
21.08.2012 00:00:00	0.0178
22.08.2012 00:00:00	0.0178
23.08.2012 00:00:00	0.083
24.08.2012 00:00:00	0.5432
25.08.2012 00:00:00	0.1193
26.08.2012 00:00:00	0.9868
27.08.2012 00:00:00	0.8054
28.08.2012 00:00:00	0.4952
29.08.2012 00:00:00	NA
30.08.2012 00:00:00	NA
31.08.2012 00:00:00	NA
01.09.2012 00:00:00	NA
02.09.2012 00:00:00	NA
03.09.2012 00:00:00	0.2473
04.09.2012 00:00:00	0.1669
05.09.2012 00:00:00	0.3394
06.09.2012 00:00:00	1.1569
07.09.2012 00:00:00	0.5756
08.09.2012 00:00:00	0.2861
09.09.2012 00:00:00	0.1687
10.09.2012 00:00:00	0.3984
11.09.2012 00:00:00	0.3977
12.09.2012 00:00:00	0.8799
13.09.2012 00:00:00	1.106
14.09.2012 00:00:00	0.9114
15.09.2012 00:00:00	0.9026
16.09.2012 00:00:00	0.71
17.09.2012 00:00:00	0.4316
18.09.2012 00:00:00	0.2561
19.09.2012 00:00:00	0.7775
20.09.2012 00:00:00	0.7968
21.09.2012 00:00:00	0.5752
22.09.2012 00:00:00	0.4486
23.09.2012 00:00:00	0.3444
24.09.2012 00:00:00	0.3582
25.09.2012 00:00:00	0.7918
26.09.2012 00:00:00	0.3387
27.09.2012 00:00:00	0.2103
28.09.2012 00:00:00	0.3396
29.09.2012 00:00:00	0.2058
30.09.2012 00:00:00	0.1415
01.10.2012 00:00:00	0.1002
02.10.2012 00:00:00	0.1456
03.10.2012 00:00:00	0.141
04.10.2012 00:00:00	0.0775
05.10.2012 00:00:00	0.2798
06.10.2012 00:00:00	0.1093
07.10.2012 00:00:00	0.3345
08.10.2012 00:00:00	0.4639
09.10.2012 00:00:00	0.3177
10.10.2012 00:00:00	0.626
11.10.2012 00:00:00	0.5835
12.10.2012 00:00:00	0.3613
13.10.2012 00:00:00	0.9435
14.10.2012 00:00:00	0.4476
15.10.2012 00:00:00	0.2931
16.10.2012 00:00:00	0.4031
17.10.2012 00:00:00	0.4909
18.10.2012 00:00:00	0.6736
19.10.2012 00:00:00	0.5142
20.10.2012 00:00:00	0.3184
21.10.2012 00:00:00	0.1895
22.10.2012 00:00:00	0.1265
23.10.2012 00:00:00	0.0841
24.10.2012 00:00:00	0.0355
25.10.2012 00:00:00	0.0261
26.10.2012 00:00:00	0.0242
27.10.2012 00:00:00	0.0237
28.10.2012 00:00:00	0.024
29.10.2012 00:00:00	0.0233
30.10.2012 00:00:00	0.0234
31.10.2012 00:00:00	0.0331
01.11.2012 00:00:00	0.2137
02.11.2012 00:00:00	0.3031
03.11.2012 00:00:00	0.2223
04.11.2012 00:00:00	0.3892
05.11.2012 00:00:00	0.8774
06.11.2012 00:00:00	0.5616
07.11.2012 00:00:00	0.4399
08.11.2012 00:00:00	0.4075
09.11.2012 00:00:00	0.4885
10.11.2012 00:00:00	0.686
11.11.2012 00:00:00	1.0148
12.11.2012 00:00:00	0.9901
13.11.2012 00:00:00	0.8838
14.11.2012 00:00:00	0.6419
15.11.2012 00:00:00	0.4554
16.11.2012 00:00:00	0.3702
17.11.2012 00:00:00	0.3024
18.11.2012 00:00:00	0.2425
19.11.2012 00:00:00	0.2124
20.11.2012 00:00:00	0.1915
21.11.2012 00:00:00	0.1683
22.11.2012 00:00:00	0.1546
23.11.2012 00:00:00	0.1432
24.11.2012 00:00:00	0.1247
25.11.2012 00:00:00	0.1091
26.11.2012 00:00:00	0.1066
27.11.2012 00:00:00	0.0992
28.11.2012 00:00:00	0.1306
29.11.2012 00:00:00	0.5095
30.11.2012 00:00:00	0.255
01.12.2012 00:00:00	0.1754
02.12.2012 00:00:00	0.1319
03.12.2012 00:00:00	0.1099
04.12.2012 00:00:00	0.1104
05.12.2012 00:00:00	0.1116
06.12.2012 00:00:00	0.1013
07.12.2012 00:00:00	0.0899
08.12.2012 00:00:00	0.074
09.12.2012 00:00:00	0.0486
10.12.2012 00:00:00	0.0495
11.12.2012 00:00:00	0.0609
12.12.2012 00:00:00	0.049
13.12.2012 00:00:00	0.0354
14.12.2012 00:00:00	0.0245
15.12.2012 00:00:00	0.0355
16.12.2012 00:00:00	0.1087
17.12.2012 00:00:00	0.1531
18.12.2012 00:00:00	0.1617
19.12.2012 00:00:00	0.1544
20.12.2012 00:00:00	0.1315
21.12.2012 00:00:00	0.122
22.12.2012 00:00:00	0.1404
23.12.2012 00:00:00	0.6036
24.12.2012 00:00:00	0.7182
25.12.2012 00:00:00	0.5329
26.12.2012 00:00:00	0.4471
27.12.2012 00:00:00	0.3665
28.12.2012 00:00:00	0.3365
29.12.2012 00:00:00	0.287
30.12.2012 00:00:00	0.2175
31.12.2012 00:00:00	0.1997
01.01.2013 00:00:00	0.1846
02.01.2013 00:00:00	0.1445
03.01.2013 00:00:00	0.0269
04.01.2013 00:00:00	0.0491
05.01.2013 00:00:00	1.1185
06.01.2013 00:00:00	1.0578
07.01.2013 00:00:00	0.7421
08.01.2013 00:00:00	0.3342
09.01.2013 00:00:00	0.2459
10.01.2013 00:00:00	0.163
11.01.2013 00:00:00	0.088
12.01.2013 00:00:00	0.0233
13.01.2013 00:00:00	0.0031
14.01.2013 00:00:00	0.0026
15.01.2013 00:00:00	0.0023
16.01.2013 00:00:00	0.0019
17.01.2013 00:00:00	0.0015
18.01.2013 00:00:00	0.0011
19.01.2013 00:00:00	7e-04
20.01.2013 00:00:00	4e-04
21.01.2013 00:00:00	6e-04
22.01.2013 00:00:00	4e-04
23.01.2013 00:00:00	3e-04
24.01.2013 00:00:00	2e-04
25.01.2013 00:00:00	1e-04
26.01.2013 00:00:00	0
27.01.2013 00:00:00	0
28.01.2013 00:00:00	0
29.01.2013 00:00:00	0
30.01.2013 00:00:00	0.3384
31.01.2013 00:00:00	0.7493
01.02.2013 00:00:00	0.3924
02.02.2013 00:00:00	0.2824
03.02.2013 00:00:00	0.1802
04.02.2013 00:00:00	0.0985
05.02.2013 00:00:00	0.0711
06.02.2013 00:00:00	0.069
07.02.2013 00:00:00	0.0269
08.02.2013 00:00:00	0.0038
09.02.2013 00:00:00	0.0026
10.02.2013 00:00:00	0.002
11.02.2013 00:00:00	0.0016
12.02.2013 00:00:00	0.0012
13.02.2013 00:00:00	7e-04
14.02.2013 00:00:00	5e-04
15.02.2013 00:00:00	4e-04
16.02.2013 00:00:00	2e-04
17.02.2013 00:00:00	1e-04
18.02.2013 00:00:00	1e-04
19.02.2013 00:00:00	0
20.02.2013 00:00:00	0
21.02.2013 00:00:00	0
22.02.2013 00:00:00	0
23.02.2013 00:00:00	0
24.02.2013 00:00:00	0
25.02.2013 00:00:00	0
26.02.2013 00:00:00	0
27.02.2013 00:00:00	0
28.02.2013 00:00:00	0
01.03.2013 00:00:00	0
02.03.2013 00:00:00	0
03.03.2013 00:00:00	0
04.03.2013 00:00:00	0
05.03.2013 00:00:00	0
06.03.2013 00:00:00	0.0032
07.03.2013 00:00:00	0.1861
08.03.2013 00:00:00	0.3337
09.03.2013 00:00:00	0.3897
10.03.2013 00:00:00	0.3809
11.03.2013 00:00:00	0.309
12.03.2013 00:00:00	0.247
13.03.2013 00:00:00	0.226
14.03.2013 00:00:00	0.1693
15.03.2013 00:00:00	0.1088
16.03.2013 00:00:00	0.0533
17.03.2013 00:00:00	0.0148
18.03.2013 00:00:00	0.0092
19.03.2013 00:00:00	0.0709
20.03.2013 00:00:00	0.0315
21.03.2013 00:00:00	0.0175
22.03.2013 00:00:00	0.0056
23.03.2013 00:00:00	0.0219
24.03.2013 00:00:00	0.0394
25.03.2013 00:00:00	0.0517
26.03.2013 00:00:00	0.0583
27.03.2013 00:00:00	0.0567
28.03.2013 00:00:00	0.0552
29.03.2013 00:00:00	0.0835
30.03.2013 00:00:00	0.1126
31.03.2013 00:00:00	0.1411
01.04.2013 00:00:00	0.1263
02.04.2013 00:00:00	0.13
03.04.2013 00:00:00	0.1346
04.04.2013 00:00:00	0.1287
05.04.2013 00:00:00	0.1725
06.04.2013 00:00:00	0.157
07.04.2013 00:00:00	0.1392
08.04.2013 00:00:00	0.1253
09.04.2013 00:00:00	0.1716
10.04.2013 00:00:00	0.2524
11.04.2013 00:00:00	0.2985
12.04.2013 00:00:00	0.4518
13.04.2013 00:00:00	0.3784
14.04.2013 00:00:00	0.4008
15.04.2013 00:00:00	0.6625
16.04.2013 00:00:00	0.7947
17.04.2013 00:00:00	1.0684
18.04.2013 00:00:00	1.1437
19.04.2013 00:00:00	1.3338
20.04.2013 00:00:00	1.2541
21.04.2013 00:00:00	0.9561
22.04.2013 00:00:00	0.8654
23.04.2013 00:00:00	0.8328
24.04.2013 00:00:00	0.8927
25.04.2013 00:00:00	0.9912
26.04.2013 00:00:00	1.0813
27.04.2013 00:00:00	1.351
28.04.2013 00:00:00	1.4269
29.04.2013 00:00:00	1.3652
30.04.2013 00:00:00	1.3573
01.05.2013 00:00:00	1.4114
02.05.2013 00:00:00	1.4861
03.05.2013 00:00:00	1.7182
04.05.2013 00:00:00	1.7583
05.05.2013 00:00:00	1.744
06.05.2013 00:00:00	1.4858
07.05.2013 00:00:00	1.3553
08.05.2013 00:00:00	1.2592
09.05.2013 00:00:00	1.1367
10.05.2013 00:00:00	1.0848
11.05.2013 00:00:00	1.3303
12.05.2013 00:00:00	1.1977
13.05.2013 00:00:00	0.9043
14.05.2013 00:00:00	0.7945
15.05.2013 00:00:00	0.9037
16.05.2013 00:00:00	0.9426
17.05.2013 00:00:00	1.079
18.05.2013 00:00:00	0.9662
19.05.2013 00:00:00	0.9576
20.05.2013 00:00:00	0.8216
21.05.2013 00:00:00	0.7008
22.05.2013 00:00:00	0.7263
23.05.2013 00:00:00	0.6981
24.05.2013 00:00:00	0.5575
25.05.2013 00:00:00	0.4745
26.05.2013 00:00:00	0.4568
27.05.2013 00:00:00	0.5818
28.05.2013 00:00:00	0.74
29.05.2013 00:00:00	0.7242
30.05.2013 00:00:00	0.6365
31.05.2013 00:00:00	0.8468
01.06.2013 00:00:00	1.0701
02.06.2013 00:00:00	3.4557
03.06.2013 00:00:00	3.2171
04.06.2013 00:00:00	2.1262
05.06.2013 00:00:00	1.5003
06.06.2013 00:00:00	1.2473
07.06.2013 00:00:00	0.9157
08.06.2013 00:00:00	0.731
09.06.2013 00:00:00	0.6914
10.06.2013 00:00:00	0.6683
11.06.2013 00:00:00	0.8328
12.06.2013 00:00:00	0.7136
13.06.2013 00:00:00	0.613
14.06.2013 00:00:00	0.5845
15.06.2013 00:00:00	0.6148
16.06.2013 00:00:00	0.6515
17.06.2013 00:00:00	0.5883
18.06.2013 00:00:00	0.7311
19.06.2013 00:00:00	1.0261
20.06.2013 00:00:00	0.6286
21.06.2013 00:00:00	0.4982
22.06.2013 00:00:00	0.4585
23.06.2013 00:00:00	0.4837
24.06.2013 00:00:00	1.0494
25.06.2013 00:00:00	1.7677
26.06.2013 00:00:00	2.0168
27.06.2013 00:00:00	1.4513
28.06.2013 00:00:00	0.7205
29.06.2013 00:00:00	0.4064
30.06.2013 00:00:00	1.0357
01.07.2013 00:00:00	0.7753
02.07.2013 00:00:00	0.3527
03.07.2013 00:00:00	0.3382
04.07.2013 00:00:00	0.52
05.07.2013 00:00:00	0.7038
06.07.2013 00:00:00	0.6684
07.07.2013 00:00:00	0.4069
08.07.2013 00:00:00	0.3198
09.07.2013 00:00:00	0.2672
10.07.2013 00:00:00	0.2266
11.07.2013 00:00:00	0.2325
12.07.2013 00:00:00	0.2113
13.07.2013 00:00:00	0.1581
14.07.2013 00:00:00	0.1502
15.07.2013 00:00:00	0.1372
16.07.2013 00:00:00	0.128
17.07.2013 00:00:00	0.114
18.07.2013 00:00:00	0.0985
19.07.2013 00:00:00	0.1257
20.07.2013 00:00:00	0.098
21.07.2013 00:00:00	0.0817
22.07.2013 00:00:00	0.0735
23.07.2013 00:00:00	0.0652
24.07.2013 00:00:00	0.0834
25.07.2013 00:00:00	0.2709
26.07.2013 00:00:00	0.1107
27.07.2013 00:00:00	0.0783
28.07.2013 00:00:00	0.0645
29.07.2013 00:00:00	0.0727
30.07.2013 00:00:00	0.1109
31.07.2013 00:00:00	0.0901
01.08.2013 00:00:00	0.0525
02.08.2013 00:00:00	0.0415
03.08.2013 00:00:00	0.0378
04.08.2013 00:00:00	0.0682
05.08.2013 00:00:00	0.1023
06.08.2013 00:00:00	0.0539
07.08.2013 00:00:00	0.0475
08.08.2013 00:00:00	0.041
09.08.2013 00:00:00	0.2806
10.08.2013 00:00:00	0.8603
11.08.2013 00:00:00	0.4828
12.08.2013 00:00:00	0.362
13.08.2013 00:00:00	0.5741
14.08.2013 00:00:00	0.4479
15.08.2013 00:00:00	0.3264
16.08.2013 00:00:00	0.2789
17.08.2013 00:00:00	0.2469
18.08.2013 00:00:00	0.2215
19.08.2013 00:00:00	0.3254
20.08.2013 00:00:00	0.961
21.08.2013 00:00:00	0.5163
22.08.2013 00:00:00	0.3674
23.08.2013 00:00:00	0.3211
24.08.2013 00:00:00	0.2905
25.08.2013 00:00:00	0.8157
26.08.2013 00:00:00	0.6776
27.08.2013 00:00:00	0.7152
28.08.2013 00:00:00	1.3266
29.08.2013 00:00:00	1.4089
30.08.2013 00:00:00	0.8356
31.08.2013 00:00:00	0.471
01.09.2013 00:00:00	0.6877
02.09.2013 00:00:00	0.8324
03.09.2013 00:00:00	0.4828
04.09.2013 00:00:00	0.3872
05.09.2013 00:00:00	0.3285
06.09.2013 00:00:00	0.3102
07.09.2013 00:00:00	0.2702
08.09.2013 00:00:00	0.2433
09.09.2013 00:00:00	0.2567
10.09.2013 00:00:00	0.4025
11.09.2013 00:00:00	0.6378
12.09.2013 00:00:00	0.4463
13.09.2013 00:00:00	0.6805
14.09.2013 00:00:00	0.6927
15.09.2013 00:00:00	0.5219
16.09.2013 00:00:00	0.8855
17.09.2013 00:00:00	1.7849
18.09.2013 00:00:00	1.7875
19.09.2013 00:00:00	2.5499
20.09.2013 00:00:00	1.9413
21.09.2013 00:00:00	1.1599
22.09.2013 00:00:00	0.6522
23.09.2013 00:00:00	0.3984
24.09.2013 00:00:00	0.3265
25.09.2013 00:00:00	0.2579
26.09.2013 00:00:00	0.2867
27.09.2013 00:00:00	0.6095
28.09.2013 00:00:00	0.5088
29.09.2013 00:00:00	0.3412
30.09.2013 00:00:00	0.2902
01.10.2013 00:00:00	0.2672
02.10.2013 00:00:00	0.2659
03.10.2013 00:00:00	0.2269
04.10.2013 00:00:00	0.1902
05.10.2013 00:00:00	0.1595
06.10.2013 00:00:00	0.2132
07.10.2013 00:00:00	0.1937
08.10.2013 00:00:00	0.1724
09.10.2013 00:00:00	0.1604
10.10.2013 00:00:00	0.2558
11.10.2013 00:00:00	0.4635
12.10.2013 00:00:00	0.4983
13.10.2013 00:00:00	0.5284
14.10.2013 00:00:00	0.4651
15.10.2013 00:00:00	0.4557
16.10.2013 00:00:00	0.4839
17.10.2013 00:00:00	0.5995
18.10.2013 00:00:00	0.6162
19.10.2013 00:00:00	0.5155
20.10.2013 00:00:00	0.4594
21.10.2013 00:00:00	0.4742
22.10.2013 00:00:00	0.3881
23.10.2013 00:00:00	0.3702
24.10.2013 00:00:00	0.4382
25.10.2013 00:00:00	0.3192
26.10.2013 00:00:00	0.25
27.10.2013 00:00:00	0.215
28.10.2013 00:00:00	0.2142
29.10.2013 00:00:00	0.2038
30.10.2013 00:00:00	0.3092
31.10.2013 00:00:00	0.3665
01.11.2013 00:00:00	0.3357
02.11.2013 00:00:00	0.2788
03.11.2013 00:00:00	0.4246
04.11.2013 00:00:00	0.4468
05.11.2013 00:00:00	0.3828
06.11.2013 00:00:00	0.3765
07.11.2013 00:00:00	0.748
08.11.2013 00:00:00	0.4566
09.11.2013 00:00:00	0.416
10.11.2013 00:00:00	0.3396
11.11.2013 00:00:00	0.2614
12.11.2013 00:00:00	0.2634
13.11.2013 00:00:00	0.294
14.11.2013 00:00:00	0.2456
15.11.2013 00:00:00	0.205
16.11.2013 00:00:00	0.1757
17.11.2013 00:00:00	0.1633
18.11.2013 00:00:00	0.1541
19.11.2013 00:00:00	0.1427
20.11.2013 00:00:00	0.1767
21.11.2013 00:00:00	0.1481
22.11.2013 00:00:00	0.1264
23.11.2013 00:00:00	0.1019
24.11.2013 00:00:00	0.1355
25.11.2013 00:00:00	0.128
26.11.2013 00:00:00	0.1078
27.11.2013 00:00:00	0.093
28.11.2013 00:00:00	0.0778
29.11.2013 00:00:00	0.0758
30.11.2013 00:00:00	0.068
01.12.2013 00:00:00	0.0556
02.12.2013 00:00:00	0.0526
03.12.2013 00:00:00	0.0522
04.12.2013 00:00:00	0.0525
05.12.2013 00:00:00	0.0518
06.12.2013 00:00:00	0.0591
07.12.2013 00:00:00	0.0467
08.12.2013 00:00:00	0.0379
09.12.2013 00:00:00	0.0395
10.12.2013 00:00:00	0.0541
11.12.2013 00:00:00	0.0676
12.12.2013 00:00:00	0.0691
13.12.2013 00:00:00	0.0702
14.12.2013 00:00:00	0.0549
15.12.2013 00:00:00	0.0417
16.12.2013 00:00:00	0.0309
17.12.2013 00:00:00	0.0348
18.12.2013 00:00:00	0.0402
19.12.2013 00:00:00	0.0301
20.12.2013 00:00:00	0.0286
21.12.2013 00:00:00	0.0279
22.12.2013 00:00:00	0.0273
23.12.2013 00:00:00	0.0272
24.12.2013 00:00:00	0.0256
25.12.2013 00:00:00	0.0261
26.12.2013 00:00:00	0.0469
27.12.2013 00:00:00	0.0755
28.12.2013 00:00:00	0.0547
29.12.2013 00:00:00	0.0478
30.12.2013 00:00:00	0.0443
31.12.2013 00:00:00	0.0339
01.01.2014 00:00:00	0.0287
02.01.2014 00:00:00	0.0284
03.01.2014 00:00:00	0.009
04.01.2014 00:00:00	0.001
05.01.2014 00:00:00	2e-04
06.01.2014 00:00:00	2e-04
07.01.2014 00:00:00	2e-04
08.01.2014 00:00:00	5e-04
09.01.2014 00:00:00	0.0016
10.01.2014 00:00:00	0.0024
11.01.2014 00:00:00	0.0023
12.01.2014 00:00:00	0.0022
13.01.2014 00:00:00	0.0021
14.01.2014 00:00:00	0.0017
15.01.2014 00:00:00	9e-04
16.01.2014 00:00:00	4e-04
17.01.2014 00:00:00	2e-04
18.01.2014 00:00:00	1e-04
19.01.2014 00:00:00	0
20.01.2014 00:00:00	0
21.01.2014 00:00:00	3e-04
22.01.2014 00:00:00	4e-04
23.01.2014 00:00:00	2e-04
24.01.2014 00:00:00	1e-04
25.01.2014 00:00:00	1e-04
26.01.2014 00:00:00	0
27.01.2014 00:00:00	0
28.01.2014 00:00:00	0
29.01.2014 00:00:00	0
30.01.2014 00:00:00	0
31.01.2014 00:00:00	0.0012
01.02.2014 00:00:00	0.0694
02.02.2014 00:00:00	0.1518
03.02.2014 00:00:00	0.0651
04.02.2014 00:00:00	0.0432
05.02.2014 00:00:00	0.0327
06.02.2014 00:00:00	0.0038
07.02.2014 00:00:00	0.0025
08.02.2014 00:00:00	0.0419
09.02.2014 00:00:00	0.0432
10.02.2014 00:00:00	0.0111
11.02.2014 00:00:00	0.0431
12.02.2014 00:00:00	0.0111
13.02.2014 00:00:00	0.0022
14.02.2014 00:00:00	0.0021
15.02.2014 00:00:00	0.0011
16.02.2014 00:00:00	0.002
17.02.2014 00:00:00	0.0031
18.02.2014 00:00:00	0.0021
19.02.2014 00:00:00	0.0015
20.02.2014 00:00:00	0.0019
21.02.2014 00:00:00	0.0018
22.02.2014 00:00:00	0.006
23.02.2014 00:00:00	0.0024
24.02.2014 00:00:00	0.0011
25.02.2014 00:00:00	0.001
26.02.2014 00:00:00	0.001
27.02.2014 00:00:00	7e-04
28.02.2014 00:00:00	5e-04
01.03.2014 00:00:00	3e-04
02.03.2014 00:00:00	1e-04
03.03.2014 00:00:00	0
04.03.2014 00:00:00	1e-04
05.03.2014 00:00:00	0
06.03.2014 00:00:00	1e-04
07.03.2014 00:00:00	0.0011
08.03.2014 00:00:00	0.0172
09.03.2014 00:00:00	0.0334
10.03.2014 00:00:00	0.0586
11.03.2014 00:00:00	0.0622
12.03.2014 00:00:00	0.1444
13.03.2014 00:00:00	0.269
14.03.2014 00:00:00	0.3395
15.03.2014 00:00:00	0.2601
16.03.2014 00:00:00	0.3323
17.03.2014 00:00:00	0.8129
18.03.2014 00:00:00	0.6337
19.03.2014 00:00:00	0.4794
20.03.2014 00:00:00	0.358
21.03.2014 00:00:00	0.5431
22.03.2014 00:00:00	0.6129
23.03.2014 00:00:00	0.4817
24.03.2014 00:00:00	0.2613
25.03.2014 00:00:00	0.1759
26.03.2014 00:00:00	0.1454
27.03.2014 00:00:00	0.149
28.03.2014 00:00:00	0.1893
29.03.2014 00:00:00	0.2637
30.03.2014 00:00:00	0.4235
31.03.2014 00:00:00	0.4173
01.04.2014 00:00:00	0.4627
02.04.2014 00:00:00	0.626
03.04.2014 00:00:00	0.6705
04.04.2014 00:00:00	0.6083
05.04.2014 00:00:00	0.692
06.04.2014 00:00:00	1.0428
07.04.2014 00:00:00	1.0865
08.04.2014 00:00:00	1.1016
09.04.2014 00:00:00	1.1341
10.04.2014 00:00:00	0.577
11.04.2014 00:00:00	0.4282
12.04.2014 00:00:00	0.5142
13.04.2014 00:00:00	0.6331
14.04.2014 00:00:00	0.5265
15.04.2014 00:00:00	0.5262
16.04.2014 00:00:00	0.3751
17.04.2014 00:00:00	0.3138
18.04.2014 00:00:00	0.3337
19.04.2014 00:00:00	0.4526
20.04.2014 00:00:00	0.9908
21.04.2014 00:00:00	0.968
22.04.2014 00:00:00	0.9322
23.04.2014 00:00:00	1.0356
24.04.2014 00:00:00	1.1081
25.04.2014 00:00:00	1.2648
26.04.2014 00:00:00	1.5444
27.04.2014 00:00:00	1.2267
28.04.2014 00:00:00	1.2795
29.04.2014 00:00:00	1.5288
30.04.2014 00:00:00	1.4007
01.05.2014 00:00:00	1.4533
02.05.2014 00:00:00	1.2213
03.05.2014 00:00:00	1.2496
04.05.2014 00:00:00	0.873
05.05.2014 00:00:00	0.6862
06.05.2014 00:00:00	0.9139
07.05.2014 00:00:00	1.1357
08.05.2014 00:00:00	1.2709
09.05.2014 00:00:00	1.2213
10.05.2014 00:00:00	1.7427
11.05.2014 00:00:00	1.6606
12.05.2014 00:00:00	0.8895
13.05.2014 00:00:00	0.484
14.05.2014 00:00:00	0.4554
15.05.2014 00:00:00	0.4104
16.05.2014 00:00:00	1.224
17.05.2014 00:00:00	1.2393
18.05.2014 00:00:00	1.0738
19.05.2014 00:00:00	0.9766
20.05.2014 00:00:00	0.8819
21.05.2014 00:00:00	0.969
22.05.2014 00:00:00	1.167
23.05.2014 00:00:00	1.4164
24.05.2014 00:00:00	1.2687
25.05.2014 00:00:00	1.1124
26.05.2014 00:00:00	1.0708
27.05.2014 00:00:00	0.9555
28.05.2014 00:00:00	1.6666
29.05.2014 00:00:00	1.6934
30.05.2014 00:00:00	1.6225
31.05.2014 00:00:00	1.2022
01.06.2014 00:00:00	0.6336
02.06.2014 00:00:00	0.4893
03.06.2014 00:00:00	0.4987
04.06.2014 00:00:00	0.5201
05.06.2014 00:00:00	0.6652
06.06.2014 00:00:00	0.5812
07.06.2014 00:00:00	0.6139
08.06.2014 00:00:00	0.5921
09.06.2014 00:00:00	0.5536
10.06.2014 00:00:00	0.518
11.06.2014 00:00:00	0.4698
12.06.2014 00:00:00	0.5885
13.06.2014 00:00:00	0.6845
14.06.2014 00:00:00	0.4603
15.06.2014 00:00:00	0.3059
16.06.2014 00:00:00	0.224
17.06.2014 00:00:00	0.1791
18.06.2014 00:00:00	0.1512
19.06.2014 00:00:00	0.1358
20.06.2014 00:00:00	0.2336
21.06.2014 00:00:00	0.2654
22.06.2014 00:00:00	0.1726
23.06.2014 00:00:00	0.1519
24.06.2014 00:00:00	0.2115
25.06.2014 00:00:00	0.2096
26.06.2014 00:00:00	0.2681
27.06.2014 00:00:00	0.1581
28.06.2014 00:00:00	0.1117
29.06.2014 00:00:00	0.2136
30.06.2014 00:00:00	1.4538
01.07.2014 00:00:00	0.7582
02.07.2014 00:00:00	0.4167
03.07.2014 00:00:00	0.6078
04.07.2014 00:00:00	0.3136
05.07.2014 00:00:00	0.316
06.07.2014 00:00:00	0.3464
07.07.2014 00:00:00	0.2264
08.07.2014 00:00:00	0.289
09.07.2014 00:00:00	0.7031
10.07.2014 00:00:00	0.346
11.07.2014 00:00:00	0.2418
12.07.2014 00:00:00	0.5867
13.07.2014 00:00:00	0.5902
14.07.2014 00:00:00	0.5906
15.07.2014 00:00:00	0.515
16.07.2014 00:00:00	0.3346
17.07.2014 00:00:00	0.2246
18.07.2014 00:00:00	0.1744
19.07.2014 00:00:00	0.1382
20.07.2014 00:00:00	0.117
21.07.2014 00:00:00	0.1317
22.07.2014 00:00:00	0.1537
23.07.2014 00:00:00	0.4009
24.07.2014 00:00:00	0.2782
25.07.2014 00:00:00	0.1554
26.07.2014 00:00:00	0.11
27.07.2014 00:00:00	0.3296
28.07.2014 00:00:00	0.7491
29.07.2014 00:00:00	0.3344
30.07.2014 00:00:00	1.1219
31.07.2014 00:00:00	2.171
01.08.2014 00:00:00	1.9757
02.08.2014 00:00:00	1.1882
03.08.2014 00:00:00	0.5792
04.08.2014 00:00:00	1.0283
05.08.2014 00:00:00	1.2643
06.08.2014 00:00:00	1.1016
07.08.2014 00:00:00	0.5471
08.08.2014 00:00:00	0.3337
09.08.2014 00:00:00	0.597
10.08.2014 00:00:00	0.8649
11.08.2014 00:00:00	0.6069
12.08.2014 00:00:00	1.2975
13.08.2014 00:00:00	1.2212
14.08.2014 00:00:00	1.4435
15.08.2014 00:00:00	1.0342
16.08.2014 00:00:00	0.5453
17.08.2014 00:00:00	0.5017
18.08.2014 00:00:00	0.2985
19.08.2014 00:00:00	0.3516
20.08.2014 00:00:00	0.292
21.08.2014 00:00:00	0.8137
22.08.2014 00:00:00	0.6254
23.08.2014 00:00:00	0.9682
24.08.2014 00:00:00	0.9866
25.08.2014 00:00:00	0.5758
26.08.2014 00:00:00	0.3216
27.08.2014 00:00:00	0.7235
28.08.2014 00:00:00	0.5531
29.08.2014 00:00:00	0.3605
30.08.2014 00:00:00	0.7697
31.08.2014 00:00:00	1.1486
01.09.2014 00:00:00	2.3374
02.09.2014 00:00:00	2.5843
03.09.2014 00:00:00	2.4619
04.09.2014 00:00:00	1.6045
05.09.2014 00:00:00	0.5839
06.09.2014 00:00:00	0.3432
07.09.2014 00:00:00	0.2591
08.09.2014 00:00:00	0.2082
09.09.2014 00:00:00	0.3034
10.09.2014 00:00:00	0.926
11.09.2014 00:00:00	0.7323
12.09.2014 00:00:00	0.9253
13.09.2014 00:00:00	1.387
14.09.2014 00:00:00	1.4261
15.09.2014 00:00:00	1.0901
16.09.2014 00:00:00	0.426
17.09.2014 00:00:00	0.3112
18.09.2014 00:00:00	0.2681
19.09.2014 00:00:00	0.2098
20.09.2014 00:00:00	0.1983
21.09.2014 00:00:00	0.3275
22.09.2014 00:00:00	0.9902
23.09.2014 00:00:00	0.9214
24.09.2014 00:00:00	0.8305
25.09.2014 00:00:00	1.1835
26.09.2014 00:00:00	0.9045
27.09.2014 00:00:00	0.9905
28.09.2014 00:00:00	0.5833
29.09.2014 00:00:00	0.3083
30.09.2014 00:00:00	0.2312
01.10.2014 00:00:00	0.1894
02.10.2014 00:00:00	0.5914
03.10.2014 00:00:00	0.3187
04.10.2014 00:00:00	0.2279
05.10.2014 00:00:00	0.1906
06.10.2014 00:00:00	0.1518
07.10.2014 00:00:00	0.1315
08.10.2014 00:00:00	0.115
09.10.2014 00:00:00	0.0993
10.10.2014 00:00:00	0.084
11.10.2014 00:00:00	0.0757
12.10.2014 00:00:00	0.0716
13.10.2014 00:00:00	0.0658
14.10.2014 00:00:00	0.2642
15.10.2014 00:00:00	0.1627
16.10.2014 00:00:00	0.1268
17.10.2014 00:00:00	0.1311
18.10.2014 00:00:00	0.1583
19.10.2014 00:00:00	0.1212
20.10.2014 00:00:00	0.1033
21.10.2014 00:00:00	0.477
22.10.2014 00:00:00	0.5762
23.10.2014 00:00:00	1.574
24.10.2014 00:00:00	1.9576
25.10.2014 00:00:00	0.8953
26.10.2014 00:00:00	0.5571
27.10.2014 00:00:00	0.5633
28.10.2014 00:00:00	0.4831
29.10.2014 00:00:00	0.4533
30.10.2014 00:00:00	0.4996
31.10.2014 00:00:00	0.7809
01.11.2014 00:00:00	0.8218
02.11.2014 00:00:00	0.7551
03.11.2014 00:00:00	0.6335
04.11.2014 00:00:00	0.6697
05.11.2014 00:00:00	1.0837
06.11.2014 00:00:00	1.1406
07.11.2014 00:00:00	1.1139
08.11.2014 00:00:00	0.9718
09.11.2014 00:00:00	0.7156
10.11.2014 00:00:00	0.5462
11.11.2014 00:00:00	0.8061
12.11.2014 00:00:00	0.7107
13.11.2014 00:00:00	0.5638
14.11.2014 00:00:00	0.4242
15.11.2014 00:00:00	0.2755
16.11.2014 00:00:00	0.2727
17.11.2014 00:00:00	0.2301
18.11.2014 00:00:00	0.2026
19.11.2014 00:00:00	0.1808
20.11.2014 00:00:00	0.1536
21.11.2014 00:00:00	0.1319
22.11.2014 00:00:00	0.1308
23.11.2014 00:00:00	0.182
24.11.2014 00:00:00	0.1561
25.11.2014 00:00:00	0.1896
26.11.2014 00:00:00	0.1514
27.11.2014 00:00:00	0.1381
28.11.2014 00:00:00	0.1161
29.11.2014 00:00:00	0.0911
30.11.2014 00:00:00	0.0735
01.12.2014 00:00:00	0.0742
02.12.2014 00:00:00	0.0959
03.12.2014 00:00:00	0.0863
04.12.2014 00:00:00	0.0743
05.12.2014 00:00:00	0.0725
06.12.2014 00:00:00	0.0564
07.12.2014 00:00:00	0.0408
08.12.2014 00:00:00	0.0328
09.12.2014 00:00:00	0.0273
10.12.2014 00:00:00	0.0246
11.12.2014 00:00:00	0.0237
12.12.2014 00:00:00	0.0228
13.12.2014 00:00:00	0.0209
14.12.2014 00:00:00	0.0188
15.12.2014 00:00:00	0.0169
16.12.2014 00:00:00	0.0164
17.12.2014 00:00:00	0.0185
18.12.2014 00:00:00	0.0199
19.12.2014 00:00:00	0.3488
20.12.2014 00:00:00	0.2182
21.12.2014 00:00:00	0.1705
22.12.2014 00:00:00	0.1255
23.12.2014 00:00:00	0.1123
24.12.2014 00:00:00	0.0951
25.12.2014 00:00:00	0.0804
26.12.2014 00:00:00	0.0711
27.12.2014 00:00:00	0.0621
28.12.2014 00:00:00	0.0561
29.12.2014 00:00:00	0.0413
30.12.2014 00:00:00	0.0312
31.12.2014 00:00:00	0.0432
01.01.2015 00:00:00	0.0406
02.01.2015 00:00:00	0.0276
03.01.2015 00:00:00	0.0184
04.01.2015 00:00:00	0.0505
05.01.2015 00:00:00	0.0201
06.01.2015 00:00:00	0.0149
07.01.2015 00:00:00	0.0107
08.01.2015 00:00:00	0.0073
09.01.2015 00:00:00	0.0157
10.01.2015 00:00:00	1.2852
11.01.2015 00:00:00	2.0731
12.01.2015 00:00:00	1.4782
13.01.2015 00:00:00	0.3227
14.01.2015 00:00:00	0.1546
15.01.2015 00:00:00	0.1249
16.01.2015 00:00:00	0.0947
17.01.2015 00:00:00	0.076
18.01.2015 00:00:00	0.0656
19.01.2015 00:00:00	0.0446
20.01.2015 00:00:00	0.0301
21.01.2015 00:00:00	0.0233
22.01.2015 00:00:00	0.02
23.01.2015 00:00:00	0.0171
24.01.2015 00:00:00	0.0142
25.01.2015 00:00:00	0.0111
26.01.2015 00:00:00	0.0074
27.01.2015 00:00:00	0.0052
28.01.2015 00:00:00	0.0032
29.01.2015 00:00:00	0.0022
30.01.2015 00:00:00	0.0018
31.01.2015 00:00:00	9e-04
01.02.2015 00:00:00	3e-04
02.02.2015 00:00:00	1e-04
03.02.2015 00:00:00	0
04.02.2015 00:00:00	0
05.02.2015 00:00:00	0
06.02.2015 00:00:00	0
07.02.2015 00:00:00	0
08.02.2015 00:00:00	0
09.02.2015 00:00:00	0
10.02.2015 00:00:00	0
11.02.2015 00:00:00	0
12.02.2015 00:00:00	0
13.02.2015 00:00:00	0
14.02.2015 00:00:00	0
15.02.2015 00:00:00	0
16.02.2015 00:00:00	0
17.02.2015 00:00:00	0
18.02.2015 00:00:00	0
19.02.2015 00:00:00	0
20.02.2015 00:00:00	0
21.02.2015 00:00:00	0
22.02.2015 00:00:00	0
23.02.2015 00:00:00	0
24.02.2015 00:00:00	0.0039
25.02.2015 00:00:00	0.001
26.02.2015 00:00:00	1e-04
27.02.2015 00:00:00	0
28.02.2015 00:00:00	0
01.03.2015 00:00:00	0
02.03.2015 00:00:00	0.0148
03.03.2015 00:00:00	0.01
04.03.2015 00:00:00	0.0013
05.03.2015 00:00:00	2e-04
06.03.2015 00:00:00	0
07.03.2015 00:00:00	0
08.03.2015 00:00:00	0
09.03.2015 00:00:00	0
10.03.2015 00:00:00	0
11.03.2015 00:00:00	0.0023
12.03.2015 00:00:00	0.001
13.03.2015 00:00:00	1e-04
14.03.2015 00:00:00	0
15.03.2015 00:00:00	0
16.03.2015 00:00:00	6e-04
17.03.2015 00:00:00	0.0189
18.03.2015 00:00:00	0.0306
19.03.2015 00:00:00	0.0612
20.03.2015 00:00:00	0.0683
21.03.2015 00:00:00	0.0516
22.03.2015 00:00:00	0.0612
23.03.2015 00:00:00	0.0416
24.03.2015 00:00:00	0.0985
25.03.2015 00:00:00	0.107
26.03.2015 00:00:00	0.0613
27.03.2015 00:00:00	0.126
28.03.2015 00:00:00	0.0732
29.03.2015 00:00:00	0.0467
30.03.2015 00:00:00	0.4019
31.03.2015 00:00:00	0.4127
01.04.2015 00:00:00	0.4888
02.04.2015 00:00:00	0.2723
03.04.2015 00:00:00	0.2502
04.04.2015 00:00:00	0.2189
05.04.2015 00:00:00	0.1885
06.04.2015 00:00:00	0.153
07.04.2015 00:00:00	0.1209
08.04.2015 00:00:00	0.1133
09.04.2015 00:00:00	0.1627
10.04.2015 00:00:00	0.4843
11.04.2015 00:00:00	0.6407
12.04.2015 00:00:00	0.9726
13.04.2015 00:00:00	0.9967
14.04.2015 00:00:00	1.1441
15.04.2015 00:00:00	1.1864
16.04.2015 00:00:00	1.2285
17.04.2015 00:00:00	1.2543
18.04.2015 00:00:00	1.4568
19.04.2015 00:00:00	0.7146
20.04.2015 00:00:00	0.6289
21.04.2015 00:00:00	0.8012
22.04.2015 00:00:00	0.988
23.04.2015 00:00:00	0.9465
24.04.2015 00:00:00	0.7871
25.04.2015 00:00:00	0.906
26.04.2015 00:00:00	1.1249
27.04.2015 00:00:00	1.3413
28.04.2015 00:00:00	1.2177
29.04.2015 00:00:00	0.7962
30.04.2015 00:00:00	0.5903
01.05.2015 00:00:00	0.4872
02.05.2015 00:00:00	1.2
03.05.2015 00:00:00	1.4345
04.05.2015 00:00:00	1.6612
05.05.2015 00:00:00	1.7923
06.05.2015 00:00:00	1.925
07.05.2015 00:00:00	1.7933
08.05.2015 00:00:00	1.4756
09.05.2015 00:00:00	1.4007
10.05.2015 00:00:00	1.5444
11.05.2015 00:00:00	1.4992
12.05.2015 00:00:00	1.3231
13.05.2015 00:00:00	1.4194
14.05.2015 00:00:00	2.2083
15.05.2015 00:00:00	1.9507
16.05.2015 00:00:00	1.4124
17.05.2015 00:00:00	1.0797
18.05.2015 00:00:00	1.1259
19.05.2015 00:00:00	0.9948
20.05.2015 00:00:00	0.982
21.05.2015 00:00:00	0.9064
22.05.2015 00:00:00	0.7091
23.05.2015 00:00:00	1.084
24.05.2015 00:00:00	1.2592
25.05.2015 00:00:00	0.9722
26.05.2015 00:00:00	1.1673
27.05.2015 00:00:00	0.9072
28.05.2015 00:00:00	0.7373
29.05.2015 00:00:00	0.8869
30.05.2015 00:00:00	0.9577
31.05.2015 00:00:00	1.2238
01.06.2015 00:00:00	1.0758
02.06.2015 00:00:00	NA
03.06.2015 00:00:00	NA
04.06.2015 00:00:00	NA
05.06.2015 00:00:00	NA
06.06.2015 00:00:00	NA
07.06.2015 00:00:00	NA
08.06.2015 00:00:00	NA
09.06.2015 00:00:00	NA
10.06.2015 00:00:00	NA
11.06.2015 00:00:00	NA
12.06.2015 00:00:00	NA
13.06.2015 00:00:00	NA
14.06.2015 00:00:00	NA
15.06.2015 00:00:00	NA
16.06.2015 00:00:00	1.0569
17.06.2015 00:00:00	0.8539
18.06.2015 00:00:00	0.437
19.06.2015 00:00:00	0.9745
20.06.2015 00:00:00	1.1888
21.06.2015 00:00:00	0.9968
22.06.2015 00:00:00	0.6788
23.06.2015 00:00:00	1.3553
24.06.2015 00:00:00	0.9708
25.06.2015 00:00:00	0.4563
26.06.2015 00:00:00	0.3134
27.06.2015 00:00:00	0.3432
28.06.2015 00:00:00	1.2522
29.06.2015 00:00:00	0.7363
30.06.2015 00:00:00	0.3445
01.07.2015 00:00:00	0.2561
02.07.2015 00:00:00	0.1989
03.07.2015 00:00:00	0.1967
04.07.2015 00:00:00	0.1724
05.07.2015 00:00:00	0.154
06.07.2015 00:00:00	0.1427
07.07.2015 00:00:00	0.1413
08.07.2015 00:00:00	0.6538
09.07.2015 00:00:00	0.5669
10.07.2015 00:00:00	0.2451
11.07.2015 00:00:00	0.1702
12.07.2015 00:00:00	0.1826
13.07.2015 00:00:00	0.1305
14.07.2015 00:00:00	0.4792
15.07.2015 00:00:00	0.2562
16.07.2015 00:00:00	0.1448
17.07.2015 00:00:00	0.13
18.07.2015 00:00:00	0.2889
19.07.2015 00:00:00	0.2766
20.07.2015 00:00:00	0.4133
21.07.2015 00:00:00	0.2015
22.07.2015 00:00:00	0.1423
23.07.2015 00:00:00	0.1232
24.07.2015 00:00:00	0.0979
25.07.2015 00:00:00	0.4004
26.07.2015 00:00:00	0.6672
27.07.2015 00:00:00	0.7344
28.07.2015 00:00:00	0.4381
29.07.2015 00:00:00	0.5535
30.07.2015 00:00:00	0.7926
31.07.2015 00:00:00	0.3196
01.08.2015 00:00:00	0.2134
02.08.2015 00:00:00	0.5303
03.08.2015 00:00:00	0.3536
04.08.2015 00:00:00	0.2146
05.08.2015 00:00:00	0.2232
06.08.2015 00:00:00	0.153
07.08.2015 00:00:00	0.114
08.08.2015 00:00:00	0.0862
09.08.2015 00:00:00	0.0833
10.08.2015 00:00:00	0.0674
11.08.2015 00:00:00	0.0503
12.08.2015 00:00:00	0.038
13.08.2015 00:00:00	0.0314
14.08.2015 00:00:00	0.0289
15.08.2015 00:00:00	0.0294
16.08.2015 00:00:00	0.0315
17.08.2015 00:00:00	0.5714
18.08.2015 00:00:00	0.314
19.08.2015 00:00:00	0.2039
20.08.2015 00:00:00	0.5687
21.08.2015 00:00:00	0.3431
22.08.2015 00:00:00	0.2134
23.08.2015 00:00:00	0.1413
24.08.2015 00:00:00	0.1003
25.08.2015 00:00:00	0.0943
26.08.2015 00:00:00	0.0795
27.08.2015 00:00:00	0.0515
28.08.2015 00:00:00	0.0323
29.08.2015 00:00:00	0.0281
30.08.2015 00:00:00	0.0276
31.08.2015 00:00:00	0.0263
01.09.2015 00:00:00	0.0249
02.09.2015 00:00:00	0.2682
03.09.2015 00:00:00	0.5637
04.09.2015 00:00:00	1.0314
05.09.2015 00:00:00	1.1615
06.09.2015 00:00:00	1.219
07.09.2015 00:00:00	0.7375
08.09.2015 00:00:00	0.5611
09.09.2015 00:00:00	0.4058
10.09.2015 00:00:00	0.2704
11.09.2015 00:00:00	0.1959
12.09.2015 00:00:00	0.1459
13.09.2015 00:00:00	0.1214
14.09.2015 00:00:00	0.1063
15.09.2015 00:00:00	0.0973
16.09.2015 00:00:00	0.0857
17.09.2015 00:00:00	0.0826
18.09.2015 00:00:00	0.076
19.09.2015 00:00:00	0.0641
20.09.2015 00:00:00	0.6006
21.09.2015 00:00:00	0.3548
22.09.2015 00:00:00	0.2043
23.09.2015 00:00:00	0.4514
24.09.2015 00:00:00	0.8427
25.09.2015 00:00:00	0.806
26.09.2015 00:00:00	0.8543
27.09.2015 00:00:00	0.5
28.09.2015 00:00:00	0.3052
29.09.2015 00:00:00	0.2117
30.09.2015 00:00:00	0.1617
01.10.2015 00:00:00	0.1292
02.10.2015 00:00:00	0.1047
03.10.2015 00:00:00	0.0883
04.10.2015 00:00:00	0.074
05.10.2015 00:00:00	0.0731
06.10.2015 00:00:00	0.0627
07.10.2015 00:00:00	1.5643
08.10.2015 00:00:00	2.1135
09.10.2015 00:00:00	0.9815
10.10.2015 00:00:00	0.388
11.10.2015 00:00:00	0.5333
12.10.2015 00:00:00	0.4288
13.10.2015 00:00:00	0.2916
14.10.2015 00:00:00	0.2851
15.10.2015 00:00:00	0.7495
16.10.2015 00:00:00	0.4988
17.10.2015 00:00:00	0.4599
18.10.2015 00:00:00	0.4085
19.10.2015 00:00:00	0.4206
20.10.2015 00:00:00	0.4117
21.10.2015 00:00:00	0.3581
22.10.2015 00:00:00	0.3318
23.10.2015 00:00:00	0.5765
24.10.2015 00:00:00	0.6046
25.10.2015 00:00:00	0.4664
26.10.2015 00:00:00	0.4811
27.10.2015 00:00:00	0.3887
28.10.2015 00:00:00	0.2972
29.10.2015 00:00:00	0.2648
30.10.2015 00:00:00	0.2345
31.10.2015 00:00:00	0.2005
01.11.2015 00:00:00	0.1576
02.11.2015 00:00:00	0.1211
03.11.2015 00:00:00	0.0828
04.11.2015 00:00:00	0.0546
05.11.2015 00:00:00	0.053
06.11.2015 00:00:00	0.035
07.11.2015 00:00:00	0.0256
08.11.2015 00:00:00	0.04
09.11.2015 00:00:00	0.0727
10.11.2015 00:00:00	0.0627
11.11.2015 00:00:00	0.0351
12.11.2015 00:00:00	0.0237
13.11.2015 00:00:00	0.0204
14.11.2015 00:00:00	0.0179
15.11.2015 00:00:00	0.0217
16.11.2015 00:00:00	0.0294
17.11.2015 00:00:00	0.0203
18.11.2015 00:00:00	0.0161
19.11.2015 00:00:00	0.0128
20.11.2015 00:00:00	0.0108
21.11.2015 00:00:00	0.2737
22.11.2015 00:00:00	0.1539
23.11.2015 00:00:00	0.0887
24.11.2015 00:00:00	0.0627
25.11.2015 00:00:00	0.0432
26.11.2015 00:00:00	0.0304
27.11.2015 00:00:00	0.0251
28.11.2015 00:00:00	0.023
29.11.2015 00:00:00	0.0219
30.11.2015 00:00:00	0.0548
01.12.2015 00:00:00	0.5763
02.12.2015 00:00:00	1.2988
03.12.2015 00:00:00	0.4671
04.12.2015 00:00:00	0.3139
05.12.2015 00:00:00	0.2799
06.12.2015 00:00:00	0.2324
07.12.2015 00:00:00	0.2002
08.12.2015 00:00:00	0.1766
09.12.2015 00:00:00	0.1293
10.12.2015 00:00:00	0.1175
11.12.2015 00:00:00	0.0992
12.12.2015 00:00:00	0.0817
13.12.2015 00:00:00	0.0624
14.12.2015 00:00:00	0.0465
15.12.2015 00:00:00	0.0352
16.12.2015 00:00:00	0.029
17.12.2015 00:00:00	0.1493
18.12.2015 00:00:00	0.1686
19.12.2015 00:00:00	0.5463
20.12.2015 00:00:00	0.4218
21.12.2015 00:00:00	0.5074
22.12.2015 00:00:00	0.4826
23.12.2015 00:00:00	0.4067
24.12.2015 00:00:00	0.2993
25.12.2015 00:00:00	0.3687
26.12.2015 00:00:00	0.3235
27.12.2015 00:00:00	0.2758
28.12.2015 00:00:00	0.1717
29.12.2015 00:00:00	0.1273
30.12.2015 00:00:00	0.1039
31.12.2015 00:00:00	0.0307
01.01.2016 00:00:00	0.0248
